$MeshFormat
2.2 0 8
$EndMeshFormat
$PhysicalNames
5
2 1 "pebble"
2 2 "wall"
2 3 "inlet"
2 4 "outlet"
3 1 "fluid"
$EndPhysicalNames
$Nodes
1842
1 -0.0115470054 -0.0115470054 -0.0115470054
2 -0.0115470054 -0.0115470054 0.0115470054
3 -0.0115470054 0.0115470054 -0.0115470054
4 -0.0115470054 0.0115470054 0.0115470054
5 0.0115470054 -0.0115470054 -0.0115470054
6 0.0115470054 -0.0115470054 0.0115470054
7 0.0115470054 0.0115470054 -0.0115470054
8 0.0115470054 0.0115470054 0.0115470054
9 -0.028 -0.028 -0.028
10 -0.028 -0.028 0.028
11 -0.028 0.028 -0.028
12 -0.028 0.028 0.028
13 0.028 -0.028 -0.028
14 0.028 -0.028 0.028
15 0.028 0.028 -0.028
16 0.028 0.028 0.028
17 -0.04 -0.04 -0.08
18 -0.04 -0.04 0.08
19 -0.04 0.04 -0.08
20 -0.04 0.04 0.08
21 0.04 -0.04 -0.08
22 0.04 -0.04 0.08
23 0.04 0.04 -0.08
24 0.04 0.04 0.08
25 -0.006058108924091912 -0.01347774679586178 -0.01347774679586178
26 3.158483544152269e-11 -0.01414213564358098 -0.01414213564358098
27 0.006058108953998349 -0.01347774678914047 -0.01347774678914047
28 -0.008907799604064355 -0.01266197273999431 -0.01266197273999431
29 -0.00306526950160312 -0.01397505141324047 -0.01397505141324047
30 0.00306526954282452 -0.01397505140871975 -0.01397505140871975
31 0.008907799617115693 -0.01266197273540346 -0.01266197273540346
32 -0.006058108924091912 -0.01347774679586178 0.01347774679586178
33 3.158483544152269e-11 -0.01414213564358098 0.01414213564358098
34 0.006058108953998349 -0.01347774678914047 0.01347774678914047
35 -0.008907799604064355 -0.01266197273999431 0.01266197273999431
36 -0.00306526950160312 -0.01397505141324047 0.01397505141324047
37 0.00306526954282452 -0.01397505140871975 0.01397505140871975
38 0.008907799617115693 -0.01266197273540346 0.01266197273540346
39 -0.006058108924091912 0.01347774679586178 -0.01347774679586178
40 3.158483544152269e-11 0.01414213564358098 -0.01414213564358098
41 0.006058108953998349 0.01347774678914047 -0.01347774678914047
42 -0.008907799604064355 0.01266197273999431 -0.01266197273999431
43 -0.00306526950160312 0.01397505141324047 -0.01397505141324047
44 0.00306526954282452 0.01397505140871975 -0.01397505140871975
45 0.008907799617115693 0.01266197273540346 -0.01266197273540346
46 -0.006058108924091912 0.01347774679586178 0.01347774679586178
47 3.158483544152269e-11 0.01414213564358098 0.01414213564358098
48 0.006058108953998349 0.01347774678914047 0.01347774678914047
49 -0.008907799604064355 0.01266197273999431 0.01266197273999431
50 -0.00306526950160312 0.01397505141324047 0.01397505141324047
51 0.00306526954282452 0.01397505140871975 0.01397505140871975
52 0.008907799617115693 0.01266197273540346 0.01266197273540346
53 -0.01347774679586178 -0.006058108924091912 -0.01347774679586178
54 -0.01414213564358098 3.158483544152269e-11 -0.01414213564358098
55 -0.01347774678914047 0.006058108953998349 -0.01347774678914047
56 -0.01266197273999431 -0.008907799604064355 -0.01266197273999431
57 -0.01397505141324047 -0.00306526950160312 -0.01397505141324047
58 -0.01397505140871975 0.00306526954282452 -0.01397505140871975
59 -0.01266197273540346 0.008907799617115693 -0.01266197273540346
60 -0.01347774679586178 -0.006058108924091912 0.01347774679586178
61 -0.01414213564358098 3.158483544152269e-11 0.01414213564358098
62 -0.01347774678914047 0.006058108953998349 0.01347774678914047
63 -0.01266197273999431 -0.008907799604064355 0.01266197273999431
64 -0.01397505141324047 -0.00306526950160312 0.01397505141324047
65 -0.01397505140871975 0.00306526954282452 0.01397505140871975
66 -0.01266197273540346 0.008907799617115693 0.01266197273540346
67 0.01347774679586178 -0.006058108924091912 -0.01347774679586178
68 0.01414213564358098 3.158483544152269e-11 -0.01414213564358098
69 0.01347774678914047 0.006058108953998349 -0.01347774678914047
70 0.01266197273999431 -0.008907799604064355 -0.01266197273999431
71 0.01397505141324047 -0.00306526950160312 -0.01397505141324047
72 0.01397505140871975 0.00306526954282452 -0.01397505140871975
73 0.01266197273540346 0.008907799617115693 -0.01266197273540346
74 0.01347774679586178 -0.006058108924091912 0.01347774679586178
75 0.01414213564358098 3.158483544152269e-11 0.01414213564358098
76 0.01347774678914047 0.006058108953998349 0.01347774678914047
77 0.01266197273999431 -0.008907799604064355 0.01266197273999431
78 0.01397505141324047 -0.00306526950160312 0.01397505141324047
79 0.01397505140871975 0.00306526954282452 0.01397505140871975
80 0.01266197273540346 0.008907799617115693 0.01266197273540346
81 -0.01347774679586178 -0.01347774679586178 -0.006058108924091912
82 -0.01414213564358098 -0.01414213564358098 3.158483544152269e-11
83 -0.01347774678914047 -0.01347774678914047 0.006058108953998349
84 -0.01266197273999431 -0.01266197273999431 -0.008907799604064355
85 -0.01397505141324047 -0.01397505141324047 -0.00306526950160312
86 -0.01397505140871975 -0.01397505140871975 0.00306526954282452
87 -0.01266197273540345 -0.01266197273540345 0.008907799617115696
88 -0.01347774679586178 0.01347774679586178 -0.006058108924091912
89 -0.01414213564358098 0.01414213564358098 3.158483544152269e-11
90 -0.01347774678914047 0.01347774678914047 0.006058108953998349
91 -0.01266197273999431 0.01266197273999431 -0.008907799604064355
92 -0.01397505141324047 0.01397505141324047 -0.00306526950160312
93 -0.01397505140871975 0.01397505140871975 0.00306526954282452
94 -0.01266197273540345 0.01266197273540345 0.008907799617115696
95 0.01347774679586178 -0.01347774679586178 -0.006058108924091912
96 0.01414213564358098 -0.01414213564358098 3.158483544152269e-11
97 0.01347774678914047 -0.01347774678914047 0.006058108953998349
98 0.01266197273999431 -0.01266197273999431 -0.008907799604064355
99 0.01397505141324047 -0.01397505141324047 -0.00306526950160312
100 0.01397505140871975 -0.01397505140871975 0.00306526954282452
101 0.01266197273540345 -0.01266197273540345 0.008907799617115696
102 0.01347774679586178 0.01347774679586178 -0.006058108924091912
103 0.01414213564358098 0.01414213564358098 3.158483544152269e-11
104 0.01347774678914047 0.01347774678914047 0.006058108953998349
105 0.01266197273999431 0.01266197273999431 -0.008907799604064355
106 0.01397505141324047 0.01397505141324047 -0.00306526950160312
107 0.01397505140871975 0.01397505140871975 0.00306526954282452
108 0.01266197273540345 0.01266197273540345 0.008907799617115696
109 -0.0140000000000325 -0.028 -0.028
110 -7.249409406107077e-14 -0.028 -0.028
111 0.01399999999996613 -0.028 -0.028
112 -0.0210000000000112 -0.028 -0.028
113 -0.007000000000051441 -0.028 -0.028
114 0.006999999999947226 -0.028 -0.028
115 0.02099999999997856 -0.028 -0.028
116 -0.0140000000000325 -0.028 0.028
117 -7.249409406107077e-14 -0.028 0.028
118 0.01399999999996613 -0.028 0.028
119 -0.0210000000000112 -0.028 0.028
120 -0.007000000000051441 -0.028 0.028
121 0.006999999999947226 -0.028 0.028
122 0.02099999999997856 -0.028 0.028
123 -0.0140000000000325 0.028 -0.028
124 -7.249409406107077e-14 0.028 -0.028
125 0.01399999999996613 0.028 -0.028
126 -0.0210000000000112 0.028 -0.028
127 -0.007000000000051441 0.028 -0.028
128 0.006999999999947226 0.028 -0.028
129 0.02099999999997856 0.028 -0.028
130 -0.0140000000000325 0.028 0.028
131 -7.249409406107077e-14 0.028 0.028
132 0.01399999999996613 0.028 0.028
133 -0.0210000000000112 0.028 0.028
134 -0.007000000000051441 0.028 0.028
135 0.006999999999947226 0.028 0.028
136 0.02099999999997856 0.028 0.028
137 -0.028 -0.0140000000000325 -0.028
138 -0.028 -7.249409406107077e-14 -0.028
139 -0.028 0.01399999999996613 -0.028
140 -0.028 -0.0210000000000112 -0.028
141 -0.028 -0.007000000000051441 -0.028
142 -0.028 0.006999999999947226 -0.028
143 -0.028 0.02099999999997856 -0.028
144 -0.028 -0.0140000000000325 0.028
145 -0.028 -7.249409406107077e-14 0.028
146 -0.028 0.01399999999996613 0.028
147 -0.028 -0.0210000000000112 0.028
148 -0.028 -0.007000000000051441 0.028
149 -0.028 0.006999999999947226 0.028
150 -0.028 0.02099999999997856 0.028
151 0.028 -0.0140000000000325 -0.028
152 0.028 -7.249409406107077e-14 -0.028
153 0.028 0.01399999999996613 -0.028
154 0.028 -0.0210000000000112 -0.028
155 0.028 -0.007000000000051441 -0.028
156 0.028 0.006999999999947226 -0.028
157 0.028 0.02099999999997856 -0.028
158 0.028 -0.0140000000000325 0.028
159 0.028 -7.249409406107077e-14 0.028
160 0.028 0.01399999999996613 0.028
161 0.028 -0.0210000000000112 0.028
162 0.028 -0.007000000000051441 0.028
163 0.028 0.006999999999947226 0.028
164 0.028 0.02099999999997856 0.028
165 -0.028 -0.028 -0.0140000000000325
166 -0.028 -0.028 -7.249409406107077e-14
167 -0.028 -0.028 0.01399999999996613
168 -0.028 -0.028 -0.0210000000000112
169 -0.028 -0.028 -0.007000000000051441
170 -0.028 -0.028 0.006999999999947226
171 -0.028 -0.028 0.02099999999997856
172 -0.028 0.028 -0.0140000000000325
173 -0.028 0.028 -7.249409406107077e-14
174 -0.028 0.028 0.01399999999996613
175 -0.028 0.028 -0.0210000000000112
176 -0.028 0.028 -0.007000000000051441
177 -0.028 0.028 0.006999999999947226
178 -0.028 0.028 0.02099999999997856
179 0.028 -0.028 -0.0140000000000325
180 0.028 -0.028 -7.249409406107077e-14
181 0.028 -0.028 0.01399999999996613
182 0.028 -0.028 -0.0210000000000112
183 0.028 -0.028 -0.007000000000051441
184 0.028 -0.028 0.006999999999947226
185 0.028 -0.028 0.02099999999997856
186 0.028 0.028 -0.0140000000000325
187 0.028 0.028 -7.249409406107077e-14
188 0.028 0.028 0.01399999999996613
189 0.028 0.028 -0.0210000000000112
190 0.028 0.028 -0.007000000000051441
191 0.028 0.028 0.006999999999947226
192 0.028 0.028 0.02099999999997856
193 -0.02000000000004335 -0.04 -0.08
194 -1.016062234349135e-13 -0.04 -0.08
195 0.01999999999994853 -0.04 -0.08
196 -0.03000000000001145 -0.04 -0.08
197 -0.01000000000007807 -0.04 -0.08
198 0.009999999999926089 -0.04 -0.08
199 0.02999999999997102 -0.04 -0.08
200 -0.02000000000004335 -0.04 0.08
201 -1.016062234349135e-13 -0.04 0.08
202 0.01999999999994853 -0.04 0.08
203 -0.03000000000001145 -0.04 0.08
204 -0.01000000000007807 -0.04 0.08
205 0.009999999999926089 -0.04 0.08
206 0.02999999999997102 -0.04 0.08
207 -0.02000000000004335 0.04 -0.08
208 -1.016062234349135e-13 0.04 -0.08
209 0.01999999999994853 0.04 -0.08
210 -0.03000000000001145 0.04 -0.08
211 -0.01000000000007807 0.04 -0.08
212 0.009999999999926089 0.04 -0.08
213 0.02999999999997102 0.04 -0.08
214 -0.02000000000004335 0.04 0.08
215 -1.016062234349135e-13 0.04 0.08
216 0.01999999999994853 0.04 0.08
217 -0.03000000000001145 0.04 0.08
218 -0.01000000000007807 0.04 0.08
219 0.009999999999926089 0.04 0.08
220 0.02999999999997102 0.04 0.08
221 -0.04 -0.02000000000004335 -0.08
222 -0.04 -1.016062234349135e-13 -0.08
223 -0.04 0.01999999999994853 -0.08
224 -0.04 -0.03000000000001145 -0.08
225 -0.04 -0.01000000000007807 -0.08
226 -0.04 0.009999999999926089 -0.08
227 -0.04 0.02999999999997102 -0.08
228 -0.04 -0.02000000000004335 0.08
229 -0.04 -1.016062234349135e-13 0.08
230 -0.04 0.01999999999994853 0.08
231 -0.04 -0.03000000000001145 0.08
232 -0.04 -0.01000000000007807 0.08
233 -0.04 0.009999999999926089 0.08
234 -0.04 0.02999999999997102 0.08
235 0.04 -0.02000000000004335 -0.08
236 0.04 -1.016062234349135e-13 -0.08
237 0.04 0.01999999999994853 -0.08
238 0.04 -0.03000000000001145 -0.08
239 0.04 -0.01000000000007807 -0.08
240 0.04 0.009999999999926089 -0.08
241 0.04 0.02999999999997102 -0.08
242 0.04 -0.02000000000004335 0.08
243 0.04 -1.016062234349135e-13 0.08
244 0.04 0.01999999999994853 0.08
245 0.04 -0.03000000000001145 0.08
246 0.04 -0.01000000000007807 0.08
247 0.04 0.009999999999926089 0.08
248 0.04 0.02999999999997102 0.08
249 -0.04 -0.04 -0.0400000000000867
250 -0.04 -0.04 -2.032124468698271e-13
251 -0.04 -0.04 0.03999999999989706
252 -0.04 -0.04 -0.0600000000000229
253 -0.04 -0.04 -0.02000000000015615
254 -0.04 -0.04 0.01999999999985218
255 -0.04 -0.04 0.05999999999994203
256 -0.04 0.04 -0.0400000000000867
257 -0.04 0.04 -2.032124468698271e-13
258 -0.04 0.04 0.03999999999989706
259 -0.04 0.04 -0.0600000000000229
260 -0.04 0.04 -0.02000000000015615
261 -0.04 0.04 0.01999999999985218
262 -0.04 0.04 0.05999999999994203
263 0.04 -0.04 -0.0400000000000867
264 0.04 -0.04 -2.032124468698271e-13
265 0.04 -0.04 0.03999999999989706
266 0.04 -0.04 -0.0600000000000229
267 0.04 -0.04 -0.02000000000015615
268 0.04 -0.04 0.01999999999985218
269 0.04 -0.04 0.05999999999994203
270 0.04 0.04 -0.0400000000000867
271 0.04 0.04 -2.032124468698271e-13
272 0.04 0.04 0.03999999999989706
273 0.04 0.04 -0.0600000000000229
274 0.04 0.04 -0.02000000000015615
275 0.04 0.04 0.01999999999985218
276 0.04 0.04 0.05999999999994203
277 -0.019773502699979 -0.019773502699979 -0.019773502699979
278 -0.01566025404998356 -0.01566025404998356 -0.01566025404998356
279 -0.0238867513499807 -0.0238867513499807 -0.0238867513499807
280 -0.019773502699979 -0.019773502699979 0.019773502699979
281 -0.01566025404998356 -0.01566025404998356 0.01566025404998356
282 -0.0238867513499807 -0.0238867513499807 0.0238867513499807
283 -0.019773502699979 0.019773502699979 -0.019773502699979
284 -0.01566025404998356 0.01566025404998356 -0.01566025404998356
285 -0.0238867513499807 0.0238867513499807 -0.0238867513499807
286 -0.019773502699979 0.019773502699979 0.019773502699979
287 -0.01566025404998356 0.01566025404998356 0.01566025404998356
288 -0.0238867513499807 0.0238867513499807 0.0238867513499807
289 0.019773502699979 -0.019773502699979 -0.019773502699979
290 0.01566025404998356 -0.01566025404998356 -0.01566025404998356
291 0.0238867513499807 -0.0238867513499807 -0.0238867513499807
292 0.019773502699979 -0.019773502699979 0.019773502699979
293 0.01566025404998356 -0.01566025404998356 0.01566025404998356
294 0.0238867513499807 -0.0238867513499807 0.0238867513499807
295 0.019773502699979 0.019773502699979 -0.019773502699979
296 0.01566025404998356 0.01566025404998356 -0.01566025404998356
297 0.0238867513499807 0.0238867513499807 -0.0238867513499807
298 0.019773502699979 0.019773502699979 0.019773502699979
299 0.01566025404998356 0.01566025404998356 0.01566025404998356
300 0.0238867513499807 0.0238867513499807 0.0238867513499807
301 -0.03399999999998325 -0.03399999999998325 -0.0539999999999274
302 -0.03099999999999529 -0.03099999999999529 -0.04099999999997959
303 -0.0369999999999942 -0.0369999999999942 -0.06699999999997489
304 -0.03399999999998325 -0.03399999999998325 0.0539999999999274
305 -0.03099999999999529 -0.03099999999999529 0.04099999999997959
306 -0.0369999999999942 -0.0369999999999942 0.06699999999997489
307 -0.03399999999998325 0.03399999999998325 -0.0539999999999274
308 -0.03099999999999529 0.03099999999999529 -0.04099999999997959
309 -0.0369999999999942 0.0369999999999942 -0.06699999999997489
310 -0.03399999999998325 0.03399999999998325 0.0539999999999274
311 -0.03099999999999529 0.03099999999999529 0.04099999999997959
312 -0.0369999999999942 0.0369999999999942 0.06699999999997489
313 0.03399999999998325 -0.03399999999998325 -0.0539999999999274
314 0.03099999999999529 -0.03099999999999529 -0.04099999999997959
315 0.0369999999999942 -0.0369999999999942 -0.06699999999997489
316 0.03399999999998325 -0.03399999999998325 0.0539999999999274
317 0.03099999999999529 -0.03099999999999529 0.04099999999997959
318 0.0369999999999942 -0.0369999999999942 0.06699999999997489
319 0.03399999999998325 0.03399999999998325 -0.0539999999999274
320 0.03099999999999529 0.03099999999999529 -0.04099999999997959
321 0.0369999999999942 0.0369999999999942 -0.06699999999997489
322 0.03399999999998325 0.03399999999998325 0.0539999999999274
323 0.03099999999999529 0.03099999999999529 0.04099999999997959
324 0.0369999999999942 0.0369999999999942 0.06699999999997489
325 -0.01681003686479535 -0.007662331946839317 -0.007662331946839322
326 -0.01818603400067746 -0.008322750053263104 4.134275920709859e-11
327 -0.01681003685158815 -0.007662331940495264 0.007662331982158042
328 -0.01818603400067745 4.13427589617494e-11 -0.008322750053263106
329 -0.02000000002807219 4.569874662677987e-11 4.569874610855799e-11
330 -0.01818603398372377 4.13427582044492e-11 0.008322750090308584
331 -0.01681003685158815 0.00766233198215804 -0.007662331940495264
332 -0.01818603398372377 0.008322750090308584 4.13427582044492e-11
333 -0.01681003683838095 0.00766233197581398 0.007662331975813979
334 -0.01537381440467204 -0.006964356452907353 -0.01073049723780001
335 -0.01537381440244708 -0.01073049724143329 -0.006964356452220882
336 -0.01784167965934088 -0.008149506607517515 -0.00390640629100171
337 -0.01642489305627839 -0.0114115244035451 3.448283944961984e-11
338 -0.01784167965207001 -0.008149506600216275 0.003906406339441639
339 -0.01537381439385769 -0.01073049723409895 0.006964356482482513
340 -0.01537381439870004 -0.006964356450415796 0.0107304972479733
341 -0.01642489306275527 3.220649101934023e-11 -0.01141152439422276
342 -0.01784167966269718 -0.00390640628508696 -0.008149506603004779
343 -0.01954127837262031 4.028904544159166e-11 -0.004258924827541487
344 -0.01954127837805143 -0.004258924802621801 3.919160832251006e-11
345 -0.01954127835865275 3.864289254863571e-11 0.004258924891629014
346 -0.01784167964982779 -0.003906406283969449 0.008149506631715344
347 -0.01642489304975951 3.903552631652173e-11 0.01141152441292789
348 -0.01537381439572203 0.006964356481410583 -0.01073049723212359
349 -0.01784167965299597 0.003906406341258288 -0.008149506597318284
350 -0.01784167964781274 0.008149506638413566 -0.003906406279199005
351 -0.01954127836688447 0.004258924853859307 3.919160830939689e-11
352 -0.01784167963768715 0.00814950663219967 0.003906406338408853
353 -0.01784167963841982 0.003906406340912367 0.008149506629395599
354 -0.01537381439026361 0.006964356473784533 0.01073049724489348
355 -0.01537381439615363 0.01073049725278049 -0.006964356448630223
356 -0.0164248930495648 0.01141152441320814 3.964021127291429e-11
357 -0.01537381438939994 0.01073049724240213 0.006964356479529672
358 0.01681003686479535 -0.007662331946839317 -0.007662331946839322
359 0.01818603400067746 -0.008322750053263104 4.134275920709859e-11
360 0.01681003685158815 -0.007662331940495264 0.007662331982158042
361 0.01818603400067745 4.13427589617494e-11 -0.008322750053263106
362 0.02000000002807219 4.569874662677987e-11 4.569874610855799e-11
363 0.01818603398372377 4.13427582044492e-11 0.008322750090308584
364 0.01681003685158815 0.00766233198215804 -0.007662331940495264
365 0.01818603398372377 0.008322750090308584 4.13427582044492e-11
366 0.01681003683838095 0.00766233197581398 0.007662331975813979
367 0.01537381440467204 -0.006964356452907353 -0.01073049723780001
368 0.01537381440244708 -0.01073049724143329 -0.006964356452220882
369 0.01784167965934088 -0.008149506607517515 -0.00390640629100171
370 0.01642489305627839 -0.0114115244035451 3.448283944961984e-11
371 0.01784167965207001 -0.008149506600216275 0.003906406339441639
372 0.01537381439385769 -0.01073049723409895 0.006964356482482513
373 0.01537381439870004 -0.006964356450415796 0.0107304972479733
374 0.01642489306275527 3.220649101934023e-11 -0.01141152439422276
375 0.01784167966269718 -0.00390640628508696 -0.008149506603004779
376 0.01954127837262031 4.028904544159166e-11 -0.004258924827541487
377 0.01954127837805143 -0.004258924802621801 3.919160832251006e-11
378 0.01954127835865275 3.864289254863571e-11 0.004258924891629014
379 0.01784167964982779 -0.003906406283969449 0.008149506631715344
380 0.01642489304975951 3.903552631652173e-11 0.01141152441292789
381 0.01537381439572203 0.006964356481410583 -0.01073049723212359
382 0.01784167965299597 0.003906406341258288 -0.008149506597318284
383 0.01784167964781274 0.008149506638413566 -0.003906406279199005
384 0.01954127836688447 0.004258924853859307 3.919160830939689e-11
385 0.01784167963768715 0.00814950663219967 0.003906406338408853
386 0.01784167963841982 0.003906406340912367 0.008149506629395599
387 0.01537381439026361 0.006964356473784533 0.01073049724489348
388 0.01537381439615363 0.01073049725278049 -0.006964356448630223
389 0.0164248930495648 0.01141152441320814 3.964021127291429e-11
390 0.01537381438939994 0.01073049724240213 0.006964356479529672
391 -0.007662331946839317 -0.01681003686479535 -0.007662331946839322
392 -0.008322750053263104 -0.01818603400067746 4.134275920709859e-11
393 -0.007662331940495264 -0.01681003685158815 0.007662331982158042
394 4.13427589617494e-11 -0.01818603400067745 -0.008322750053263106
395 4.569874662677987e-11 -0.02000000002807219 4.569874610855799e-11
396 4.13427582044492e-11 -0.01818603398372377 0.008322750090308584
397 0.00766233198215804 -0.01681003685158815 -0.007662331940495264
398 0.008322750090308584 -0.01818603398372377 4.13427582044492e-11
399 0.00766233197581398 -0.01681003683838095 0.007662331975813979
400 -0.006994395188522552 -0.01535616055435544 -0.01073623630973713
401 -0.01082232100525015 -0.01531481461372026 -0.006952253054196838
402 -0.008155963836525679 -0.01783873647386562 -0.003906371210746488
403 -0.01143616220266373 -0.01640774802333498 3.479570759248781e-11
404 -0.008155963834111062 -0.01783873645840733 0.003906371286379325
405 -0.01082232099820057 -0.01531481460375238 0.00695225308712847
406 -0.006994395198805165 -0.01535616055296901 0.01073623630502129
407 3.222612641000642e-11 -0.01642388353069207 -0.01141297730187655
408 -0.003976275380310139 -0.01782599134054758 -0.008150047113333121
409 4.328129086093821e-11 -0.01954124717080099 -0.004259067988721217
410 -0.004351500795698739 -0.0195208719566499 4.348156484019242e-11
411 3.407641128763078e-11 -0.01954124715854649 0.004259068044946711
412 -0.003976275376559158 -0.01782599132463947 0.008150047149957779
413 3.443517286720282e-11 -0.01642388351995211 0.01141297731733193
414 0.006994395221481651 -0.01535616054549912 -0.01073623630093238
415 0.00397627543982927 -0.01782599132965952 -0.008150047108109352
416 0.008155963870546505 -0.01783873646406996 -0.003906371184448356
417 0.004351500858550047 -0.01952087194263939 4.348156482193546e-11
418 0.008155963868180866 -0.0178387364499544 0.003906371253847202
419 0.003976275436077886 -0.01782599131375149 0.008150047144734038
420 0.006994395225225501 -0.01535616054619875 0.01073623629749267
421 0.01082232101906458 -0.01531481460522101 -0.006952253051415038
422 0.01143616222026186 -0.01640774801106912 3.92555840685284e-11
423 0.0108223210120144 -0.01531481459586759 0.006952253082994024
424 -0.007662331946839317 0.01681003686479535 -0.007662331946839322
425 -0.008322750053263104 0.01818603400067746 4.134275920709859e-11
426 -0.007662331940495264 0.01681003685158815 0.007662331982158042
427 4.13427589617494e-11 0.01818603400067745 -0.008322750053263106
428 4.569874662677987e-11 0.02000000002807219 4.569874610855799e-11
429 4.13427582044492e-11 0.01818603398372377 0.008322750090308584
430 0.00766233198215804 0.01681003685158815 -0.007662331940495264
431 0.008322750090308584 0.01818603398372377 4.13427582044492e-11
432 0.00766233197581398 0.01681003683838095 0.007662331975813979
433 -0.006994395188522552 0.01535616055435544 -0.01073623630973713
434 -0.01082232100525015 0.01531481461372026 -0.006952253054196838
435 -0.008155963836525679 0.01783873647386562 -0.003906371210746488
436 -0.01143616220266373 0.01640774802333498 3.479570759248781e-11
437 -0.008155963834111062 0.01783873645840733 0.003906371286379325
438 -0.01082232099820057 0.01531481460375238 0.00695225308712847
439 -0.006994395198805165 0.01535616055296901 0.01073623630502129
440 3.222612641000642e-11 0.01642388353069207 -0.01141297730187655
441 -0.003976275380310139 0.01782599134054758 -0.008150047113333121
442 4.328129086093821e-11 0.01954124717080099 -0.004259067988721217
443 -0.004351500795698739 0.0195208719566499 4.348156484019242e-11
444 3.407641128763078e-11 0.01954124715854649 0.004259068044946711
445 -0.003976275376559158 0.01782599132463947 0.008150047149957779
446 3.443517286720282e-11 0.01642388351995211 0.01141297731733193
447 0.006994395221481651 0.01535616054549912 -0.01073623630093238
448 0.00397627543982927 0.01782599132965952 -0.008150047108109352
449 0.008155963870546505 0.01783873646406996 -0.003906371184448356
450 0.004351500858550047 0.01952087194263939 4.348156482193546e-11
451 0.008155963868180866 0.0178387364499544 0.003906371253847202
452 0.003976275436077886 0.01782599131375149 0.008150047144734038
453 0.006994395225225501 0.01535616054619875 0.01073623629749267
454 0.01082232101906458 0.01531481460522101 -0.006952253051415038
455 0.01143616222026186 0.01640774801106912 3.92555840685284e-11
456 0.0108223210120144 0.01531481459586759 0.006952253082994024
457 -0.007662331946839317 -0.007662331946839322 -0.01681003686479535
458 -0.008322750053263104 4.134275920709859e-11 -0.01818603400067746
459 -0.007662331940495264 0.007662331982158042 -0.01681003685158815
460 4.13427589617494e-11 -0.008322750053263106 -0.01818603400067745
461 4.569874662677987e-11 4.569874610855799e-11 -0.02000000002807219
462 4.13427582044492e-11 0.008322750090308584 -0.01818603398372377
463 0.00766233198215804 -0.007662331940495264 -0.01681003685158815
464 0.008322750090308584 4.13427582044492e-11 -0.01818603398372377
465 0.007662331975813981 0.00766233197581398 -0.01681003683838096
466 -0.006994395193504448 -0.01073623629952819 -0.01535616055922386
467 -0.01082232100525015 -0.006952253054196838 -0.01531481461372026
468 -0.008155963836525679 -0.003906371210746488 -0.01783873647386562
469 -0.01143616220262933 3.820977859025925e-11 -0.01640774802335895
470 -0.008155963836618428 0.003906371256337288 -0.01783873646383963
471 -0.01082232099820086 0.006952253087128349 -0.01531481460375223
472 -0.006994395198805165 0.01073623630502129 -0.01535616055296901
473 3.222612641000642e-11 -0.01141297730187655 -0.01642388353069207
474 -0.003976275380310139 -0.008150047113333121 -0.01782599134054758
475 3.868534899770989e-11 -0.004259067992221676 -0.01954124717003805
476 -0.004351500795698739 4.348156484019242e-11 -0.0195208719566499
477 3.407641128763078e-11 0.004259068044946711 -0.01954124715854649
478 -0.003976275376559106 0.008150047149957781 -0.01782599132463948
479 3.443517286720282e-11 0.01141297731733193 -0.01642388351995211
480 0.006994395224335846 -0.01073623629609121 -0.0153561605475838
481 0.00397627543982927 -0.008150047108109352 -0.01782599132965952
482 0.0081559638693796 -0.00390637119836694 -0.01783873646155554
483 0.004351500858550047 4.348156482193546e-11 -0.01952087194263939
484 0.008155963868558429 0.003906371258685349 -0.01783873644872231
485 0.003976275436077886 0.008150047144734038 -0.01782599131375149
486 0.006994395225225501 0.01073623629749267 -0.01535616054619875
487 0.0108223210181388 -0.006952253051673705 -0.01531481460575779
488 0.01143616222026186 3.92555840685284e-11 -0.01640774801106912
489 0.01082232101151549 0.006952253082443789 -0.01531481459646994
490 -0.007662331946839317 -0.007662331946839322 0.01681003686479535
491 -0.008322750053263104 4.134275920709859e-11 0.01818603400067746
492 -0.007662331940495264 0.007662331982158042 0.01681003685158815
493 4.13427589617494e-11 -0.008322750053263106 0.01818603400067745
494 4.569874662677987e-11 4.569874610855799e-11 0.02000000002807219
495 4.13427582044492e-11 0.008322750090308584 0.01818603398372377
496 0.00766233198215804 -0.007662331940495264 0.01681003685158815
497 0.008322750090308584 4.13427582044492e-11 0.01818603398372377
498 0.007662331975813981 0.00766233197581398 0.01681003683838096
499 -0.006994395193504448 -0.01073623629952819 0.01535616055922386
500 -0.01082232100525015 -0.006952253054196838 0.01531481461372026
501 -0.008155963836525679 -0.003906371210746488 0.01783873647386562
502 -0.01143616220262933 3.820977859025925e-11 0.01640774802335895
503 -0.008155963836618428 0.003906371256337288 0.01783873646383963
504 -0.01082232099820086 0.006952253087128349 0.01531481460375223
505 -0.006994395198805165 0.01073623630502129 0.01535616055296901
506 3.222612641000642e-11 -0.01141297730187655 0.01642388353069207
507 -0.003976275380310139 -0.008150047113333121 0.01782599134054758
508 3.868534899770989e-11 -0.004259067992221676 0.01954124717003805
509 -0.004351500795698739 4.348156484019242e-11 0.0195208719566499
510 3.407641128763078e-11 0.004259068044946711 0.01954124715854649
511 -0.003976275376559106 0.008150047149957781 0.01782599132463948
512 3.443517286720282e-11 0.01141297731733193 0.01642388351995211
513 0.006994395224335846 -0.01073623629609121 0.0153561605475838
514 0.00397627543982927 -0.008150047108109352 0.01782599132965952
515 0.0081559638693796 -0.00390637119836694 0.01783873646155554
516 0.004351500858550047 4.348156482193546e-11 0.01952087194263939
517 0.008155963868558429 0.003906371258685349 0.01783873644872231
518 0.003976275436077886 0.008150047144734038 0.01782599131375149
519 0.006994395225225501 0.01073623629749267 0.01535616054619875
520 0.0108223210181388 -0.006952253051673705 0.01531481460575779
521 0.01143616222026186 3.92555840685284e-11 0.01640774801106912
522 0.01082232101151549 0.006952253082443789 0.01531481459646994
523 -0.028 -0.0140000000000325 -0.01400000000003251
524 -0.02800000000000001 -0.0140000000000325 -7.249582878454675e-14
525 -0.028 -0.0140000000000325 0.01399999999996612
526 -0.028 -7.249539510367775e-14 -0.0140000000000325
527 -0.02799999999999999 -7.249582878454675e-14 -7.249496142280876e-14
528 -0.028 -7.249582878454675e-14 0.01399999999996612
529 -0.028 0.01399999999996614 -0.01400000000003251
530 -0.028 0.01399999999996612 -7.249582878454675e-14
531 -0.02799999999999999 0.01399999999996612 0.01399999999996612
532 -0.028 -0.0140000000000325 -0.02100000000001624
533 -0.028 -0.02100000000001624 -0.01400000000003251
534 -0.028 -0.0140000000000325 -0.007000000000052497
535 -0.02799999999999999 -0.02100000000001625 -7.249409406107077e-14
536 -0.02800000000000001 -0.0140000000000325 0.006999999999946815
537 -0.028 -0.02100000000001626 0.01399999999996613
538 -0.028 -0.01400000000003251 0.02099999999998306
539 -0.028 -7.249474458237429e-14 -0.02100000000001625
540 -0.02799999999999999 -0.007000000000052497 -0.0140000000000325
541 -0.028 -7.249409406107077e-14 -0.007000000000052495
542 -0.02799999999999999 -0.007000000000052497 -7.249409406107077e-14
543 -0.02800000000000001 -7.249409406107077e-14 0.006999999999946816
544 -0.028 -0.007000000000052499 0.01399999999996612
545 -0.02799999999999999 -7.249409406107077e-14 0.02099999999998306
546 -0.028 0.01399999999996613 -0.02100000000001625
547 -0.028 0.006999999999946824 -0.0140000000000325
548 -0.028 0.01399999999996613 -0.007000000000052499
549 -0.02799999999999999 0.006999999999946816 -7.249409406107077e-14
550 -0.028 0.01399999999996612 0.006999999999946815
551 -0.02799999999999999 0.006999999999946816 0.01399999999996612
552 -0.02799999999999999 0.01399999999996612 0.02099999999998306
553 -0.028 0.02099999999998307 -0.0140000000000325
554 -0.02799999999999999 0.02099999999998306 -7.249409406107077e-14
555 -0.02799999999999999 0.02099999999998306 0.01399999999996612
556 0.028 -0.0140000000000325 -0.01400000000003251
557 0.02800000000000001 -0.0140000000000325 -7.249582878454675e-14
558 0.028 -0.0140000000000325 0.01399999999996612
559 0.028 -7.249539510367775e-14 -0.0140000000000325
560 0.02799999999999999 -7.249582878454675e-14 -7.249496142280876e-14
561 0.028 -7.249582878454675e-14 0.01399999999996612
562 0.028 0.01399999999996614 -0.01400000000003251
563 0.028 0.01399999999996612 -7.249582878454675e-14
564 0.02799999999999999 0.01399999999996612 0.01399999999996612
565 0.028 -0.0140000000000325 -0.02100000000001624
566 0.028 -0.02100000000001624 -0.01400000000003251
567 0.028 -0.0140000000000325 -0.007000000000052497
568 0.02799999999999999 -0.02100000000001625 -7.249409406107077e-14
569 0.02800000000000001 -0.0140000000000325 0.006999999999946815
570 0.028 -0.02100000000001626 0.01399999999996613
571 0.028 -0.01400000000003251 0.02099999999998306
572 0.028 -7.249474458237429e-14 -0.02100000000001625
573 0.02799999999999999 -0.007000000000052497 -0.0140000000000325
574 0.028 -7.249409406107077e-14 -0.007000000000052495
575 0.02799999999999999 -0.007000000000052497 -7.249409406107077e-14
576 0.02800000000000001 -7.249409406107077e-14 0.006999999999946816
577 0.028 -0.007000000000052499 0.01399999999996612
578 0.02799999999999999 -7.249409406107077e-14 0.02099999999998306
579 0.028 0.01399999999996613 -0.02100000000001625
580 0.028 0.006999999999946824 -0.0140000000000325
581 0.028 0.01399999999996613 -0.007000000000052499
582 0.02799999999999999 0.006999999999946816 -7.249409406107077e-14
583 0.028 0.01399999999996612 0.006999999999946815
584 0.02799999999999999 0.006999999999946816 0.01399999999996612
585 0.02799999999999999 0.01399999999996612 0.02099999999998306
586 0.028 0.02099999999998307 -0.0140000000000325
587 0.02799999999999999 0.02099999999998306 -7.249409406107077e-14
588 0.02799999999999999 0.02099999999998306 0.01399999999996612
589 -0.0140000000000325 -0.028 -0.01400000000003251
590 -0.0140000000000325 -0.02800000000000001 -7.249582878454675e-14
591 -0.0140000000000325 -0.028 0.01399999999996612
592 -7.249539510367775e-14 -0.028 -0.0140000000000325
593 -7.249582878454675e-14 -0.02799999999999999 -7.249496142280876e-14
594 -7.249582878454675e-14 -0.028 0.01399999999996612
595 0.01399999999996614 -0.028 -0.01400000000003251
596 0.01399999999996612 -0.028 -7.249582878454675e-14
597 0.01399999999996612 -0.02799999999999999 0.01399999999996612
598 -0.0140000000000325 -0.028 -0.02100000000001624
599 -0.02100000000001624 -0.028 -0.01400000000003251
600 -0.0140000000000325 -0.028 -0.007000000000052497
601 -0.02100000000001625 -0.02799999999999999 -7.249409406107077e-14
602 -0.0140000000000325 -0.02800000000000001 0.006999999999946815
603 -0.02100000000001626 -0.028 0.01399999999996613
604 -0.01400000000003251 -0.028 0.02099999999998306
605 -7.249474458237429e-14 -0.028 -0.02100000000001625
606 -0.007000000000052497 -0.02799999999999999 -0.0140000000000325
607 -7.249409406107077e-14 -0.028 -0.007000000000052495
608 -0.007000000000052497 -0.02799999999999999 -7.249409406107077e-14
609 -7.249409406107077e-14 -0.02800000000000001 0.006999999999946816
610 -0.007000000000052499 -0.028 0.01399999999996612
611 -7.249409406107077e-14 -0.02799999999999999 0.02099999999998306
612 0.01399999999996613 -0.028 -0.02100000000001625
613 0.006999999999946824 -0.028 -0.0140000000000325
614 0.01399999999996613 -0.028 -0.007000000000052499
615 0.006999999999946816 -0.02799999999999999 -7.249409406107077e-14
616 0.01399999999996612 -0.028 0.006999999999946815
617 0.006999999999946816 -0.02799999999999999 0.01399999999996612
618 0.01399999999996612 -0.02799999999999999 0.02099999999998306
619 0.02099999999998307 -0.028 -0.0140000000000325
620 0.02099999999998306 -0.02799999999999999 -7.249409406107077e-14
621 0.02099999999998306 -0.02799999999999999 0.01399999999996612
622 -0.0140000000000325 0.028 -0.01400000000003251
623 -0.0140000000000325 0.02800000000000001 -7.249582878454675e-14
624 -0.0140000000000325 0.028 0.01399999999996612
625 -7.249539510367775e-14 0.028 -0.0140000000000325
626 -7.249582878454675e-14 0.02799999999999999 -7.249496142280876e-14
627 -7.249582878454675e-14 0.028 0.01399999999996612
628 0.01399999999996614 0.028 -0.01400000000003251
629 0.01399999999996612 0.028 -7.249582878454675e-14
630 0.01399999999996612 0.02799999999999999 0.01399999999996612
631 -0.0140000000000325 0.028 -0.02100000000001624
632 -0.02100000000001624 0.028 -0.01400000000003251
633 -0.0140000000000325 0.028 -0.007000000000052497
634 -0.02100000000001625 0.02799999999999999 -7.249409406107077e-14
635 -0.0140000000000325 0.02800000000000001 0.006999999999946815
636 -0.02100000000001626 0.028 0.01399999999996613
637 -0.01400000000003251 0.028 0.02099999999998306
638 -7.249474458237429e-14 0.028 -0.02100000000001625
639 -0.007000000000052497 0.02799999999999999 -0.0140000000000325
640 -7.249409406107077e-14 0.028 -0.007000000000052495
641 -0.007000000000052497 0.02799999999999999 -7.249409406107077e-14
642 -7.249409406107077e-14 0.02800000000000001 0.006999999999946816
643 -0.007000000000052499 0.028 0.01399999999996612
644 -7.249409406107077e-14 0.02799999999999999 0.02099999999998306
645 0.01399999999996613 0.028 -0.02100000000001625
646 0.006999999999946824 0.028 -0.0140000000000325
647 0.01399999999996613 0.028 -0.007000000000052499
648 0.006999999999946816 0.02799999999999999 -7.249409406107077e-14
649 0.01399999999996612 0.028 0.006999999999946815
650 0.006999999999946816 0.02799999999999999 0.01399999999996612
651 0.01399999999996612 0.02799999999999999 0.02099999999998306
652 0.02099999999998307 0.028 -0.0140000000000325
653 0.02099999999998306 0.02799999999999999 -7.249409406107077e-14
654 0.02099999999998306 0.02799999999999999 0.01399999999996612
655 -0.0140000000000325 -0.01400000000003251 -0.028
656 -0.0140000000000325 -7.249582878454675e-14 -0.02800000000000001
657 -0.0140000000000325 0.01399999999996612 -0.028
658 -7.249539510367775e-14 -0.0140000000000325 -0.028
659 -7.249582878454675e-14 -7.249496142280876e-14 -0.02799999999999999
660 -7.249582878454675e-14 0.01399999999996612 -0.028
661 0.01399999999996614 -0.01400000000003251 -0.028
662 0.01399999999996612 -7.249582878454675e-14 -0.028
663 0.01399999999996612 0.01399999999996612 -0.02799999999999999
664 -0.0140000000000325 -0.02100000000001624 -0.028
665 -0.02100000000001624 -0.01400000000003251 -0.028
666 -0.0140000000000325 -0.007000000000052497 -0.028
667 -0.02100000000001625 -7.249409406107077e-14 -0.02799999999999999
668 -0.0140000000000325 0.006999999999946815 -0.02800000000000001
669 -0.02100000000001626 0.01399999999996613 -0.028
670 -0.01400000000003251 0.02099999999998306 -0.028
671 -7.249474458237429e-14 -0.02100000000001625 -0.028
672 -0.007000000000052497 -0.0140000000000325 -0.02799999999999999
673 -7.249409406107077e-14 -0.007000000000052495 -0.028
674 -0.007000000000052497 -7.249409406107077e-14 -0.02799999999999999
675 -7.249409406107077e-14 0.006999999999946816 -0.02800000000000001
676 -0.007000000000052499 0.01399999999996612 -0.028
677 -7.249409406107077e-14 0.02099999999998306 -0.02799999999999999
678 0.01399999999996613 -0.02100000000001625 -0.028
679 0.006999999999946824 -0.0140000000000325 -0.028
680 0.01399999999996613 -0.007000000000052499 -0.028
681 0.006999999999946816 -7.249409406107077e-14 -0.02799999999999999
682 0.01399999999996612 0.006999999999946815 -0.028
683 0.006999999999946816 0.01399999999996612 -0.02799999999999999
684 0.01399999999996612 0.02099999999998306 -0.02799999999999999
685 0.02099999999998307 -0.0140000000000325 -0.028
686 0.02099999999998306 -7.249409406107077e-14 -0.02799999999999999
687 0.02099999999998306 0.01399999999996612 -0.02799999999999999
688 -0.0140000000000325 -0.01400000000003251 0.028
689 -0.0140000000000325 -7.249582878454675e-14 0.02800000000000001
690 -0.0140000000000325 0.01399999999996612 0.028
691 -7.249539510367775e-14 -0.0140000000000325 0.028
692 -7.249582878454675e-14 -7.249496142280876e-14 0.02799999999999999
693 -7.249582878454675e-14 0.01399999999996612 0.028
694 0.01399999999996614 -0.01400000000003251 0.028
695 0.01399999999996612 -7.249582878454675e-14 0.028
696 0.01399999999996612 0.01399999999996612 0.02799999999999999
697 -0.0140000000000325 -0.02100000000001624 0.028
698 -0.02100000000001624 -0.01400000000003251 0.028
699 -0.0140000000000325 -0.007000000000052497 0.028
700 -0.02100000000001625 -7.249409406107077e-14 0.02799999999999999
701 -0.0140000000000325 0.006999999999946815 0.02800000000000001
702 -0.02100000000001626 0.01399999999996613 0.028
703 -0.01400000000003251 0.02099999999998306 0.028
704 -7.249474458237429e-14 -0.02100000000001625 0.028
705 -0.007000000000052497 -0.0140000000000325 0.02799999999999999
706 -7.249409406107077e-14 -0.007000000000052495 0.028
707 -0.007000000000052497 -7.249409406107077e-14 0.02799999999999999
708 -7.249409406107077e-14 0.006999999999946816 0.02800000000000001
709 -0.007000000000052499 0.01399999999996612 0.028
710 -7.249409406107077e-14 0.02099999999998306 0.02799999999999999
711 0.01399999999996613 -0.02100000000001625 0.028
712 0.006999999999946824 -0.0140000000000325 0.028
713 0.01399999999996613 -0.007000000000052499 0.028
714 0.006999999999946816 -7.249409406107077e-14 0.02799999999999999
715 0.01399999999996612 0.006999999999946815 0.028
716 0.006999999999946816 0.01399999999996612 0.02799999999999999
717 0.01399999999996612 0.02099999999998306 0.02799999999999999
718 0.02099999999998307 -0.0140000000000325 0.028
719 0.02099999999998306 -7.249409406107077e-14 0.02799999999999999
720 0.02099999999998306 0.01399999999996612 0.02799999999999999
721 -0.04000000000000001 -0.02000000000004334 -0.04000000000008669
722 -0.04000000000000001 -0.02000000000004334 -2.032089774228751e-13
723 -0.04 -0.02000000000004334 0.03999999999989706
724 -0.04 -1.016044887114375e-13 -0.0400000000000867
725 -0.04 -1.016062234349135e-13 -2.032124468698271e-13
726 -0.04 -1.016044887114376e-13 0.03999999999989706
727 -0.04 0.01999999999994854 -0.0400000000000867
728 -0.04 0.01999999999994853 -2.032107121463511e-13
729 -0.03999999999999999 0.01999999999994852 0.03999999999989707
730 -0.04 -0.02000000000004335 -0.06000000000004333
731 -0.04000000000000001 -0.03000000000002167 -0.0400000000000867
732 -0.04000000000000001 -0.02000000000004334 -0.02000000000014495
733 -0.04000000000000001 -0.03000000000002168 -2.032055079759232e-13
734 -0.04000000000000001 -0.02000000000004334 0.01999999999984692
735 -0.04000000000000001 -0.03000000000002167 0.03999999999989707
736 -0.04000000000000001 -0.02000000000004335 0.05999999999994854
737 -0.04 -1.016036213496996e-13 -0.06000000000004334
738 -0.04 -0.01000000000007248 -0.0400000000000867
739 -0.03999999999999999 -1.016044887114376e-13 -0.02000000000014495
740 -0.04 -0.01000000000007248 -2.032124468698271e-13
741 -0.04 -1.016044887114376e-13 0.01999999999984692
742 -0.04 -0.01000000000007248 0.03999999999989706
743 -0.04 -1.016027539879616e-13 0.05999999999994853
744 -0.04 0.01999999999994854 -0.06000000000004334
745 -0.04 0.009999999999923471 -0.0400000000000867
746 -0.04000000000000001 0.01999999999994854 -0.02000000000014496
747 -0.04 0.009999999999923457 -2.032124468698271e-13
748 -0.04 0.01999999999994852 0.01999999999984692
749 -0.04 0.009999999999923459 0.03999999999989708
750 -0.04 0.01999999999994852 0.05999999999994857
751 -0.04 0.02999999999997428 -0.0400000000000867
752 -0.04 0.02999999999997426 -2.032107121463511e-13
753 -0.04 0.02999999999997426 0.03999999999989708
754 0.04000000000000001 -0.02000000000004334 -0.04000000000008669
755 0.04000000000000001 -0.02000000000004334 -2.032089774228751e-13
756 0.04 -0.02000000000004334 0.03999999999989706
757 0.04 -1.016044887114375e-13 -0.0400000000000867
758 0.04 -1.016062234349135e-13 -2.032124468698271e-13
759 0.04 -1.016044887114376e-13 0.03999999999989706
760 0.04 0.01999999999994854 -0.0400000000000867
761 0.04 0.01999999999994853 -2.032107121463511e-13
762 0.03999999999999999 0.01999999999994852 0.03999999999989707
763 0.04 -0.02000000000004335 -0.06000000000004333
764 0.04000000000000001 -0.03000000000002167 -0.0400000000000867
765 0.04000000000000001 -0.02000000000004334 -0.02000000000014495
766 0.04000000000000001 -0.03000000000002168 -2.032055079759232e-13
767 0.04000000000000001 -0.02000000000004334 0.01999999999984692
768 0.04000000000000001 -0.03000000000002167 0.03999999999989707
769 0.04000000000000001 -0.02000000000004335 0.05999999999994854
770 0.04 -1.016036213496996e-13 -0.06000000000004334
771 0.04 -0.01000000000007248 -0.0400000000000867
772 0.03999999999999999 -1.016044887114376e-13 -0.02000000000014495
773 0.04 -0.01000000000007248 -2.032124468698271e-13
774 0.04 -1.016044887114376e-13 0.01999999999984692
775 0.04 -0.01000000000007248 0.03999999999989706
776 0.04 -1.016027539879616e-13 0.05999999999994853
777 0.04 0.01999999999994854 -0.06000000000004334
778 0.04 0.009999999999923471 -0.0400000000000867
779 0.04000000000000001 0.01999999999994854 -0.02000000000014496
780 0.04 0.009999999999923457 -2.032124468698271e-13
781 0.04 0.01999999999994852 0.01999999999984692
782 0.04 0.009999999999923459 0.03999999999989708
783 0.04 0.01999999999994852 0.05999999999994857
784 0.04 0.02999999999997428 -0.0400000000000867
785 0.04 0.02999999999997426 -2.032107121463511e-13
786 0.04 0.02999999999997426 0.03999999999989708
787 -0.02000000000004334 -0.04000000000000001 -0.04000000000008669
788 -0.02000000000004334 -0.04000000000000001 -2.032089774228751e-13
789 -0.02000000000004334 -0.04 0.03999999999989706
790 -1.016044887114375e-13 -0.04 -0.0400000000000867
791 -1.016062234349135e-13 -0.04 -2.032124468698271e-13
792 -1.016044887114376e-13 -0.04 0.03999999999989706
793 0.01999999999994854 -0.04 -0.0400000000000867
794 0.01999999999994853 -0.04 -2.032107121463511e-13
795 0.01999999999994852 -0.03999999999999999 0.03999999999989707
796 -0.02000000000004335 -0.04 -0.06000000000004333
797 -0.03000000000002167 -0.04000000000000001 -0.0400000000000867
798 -0.02000000000004334 -0.04000000000000001 -0.02000000000014495
799 -0.03000000000002168 -0.04000000000000001 -2.032055079759232e-13
800 -0.02000000000004334 -0.04000000000000001 0.01999999999984692
801 -0.03000000000002167 -0.04000000000000001 0.03999999999989707
802 -0.02000000000004335 -0.04000000000000001 0.05999999999994854
803 -1.016036213496996e-13 -0.04 -0.06000000000004334
804 -0.01000000000007248 -0.04 -0.0400000000000867
805 -1.016044887114376e-13 -0.03999999999999999 -0.02000000000014495
806 -0.01000000000007248 -0.04 -2.032124468698271e-13
807 -1.016044887114376e-13 -0.04 0.01999999999984692
808 -0.01000000000007248 -0.04 0.03999999999989706
809 -1.016027539879616e-13 -0.04 0.05999999999994853
810 0.01999999999994854 -0.04 -0.06000000000004334
811 0.009999999999923471 -0.04 -0.0400000000000867
812 0.01999999999994854 -0.04000000000000001 -0.02000000000014496
813 0.009999999999923457 -0.04 -2.032124468698271e-13
814 0.01999999999994852 -0.04 0.01999999999984692
815 0.009999999999923459 -0.04 0.03999999999989708
816 0.01999999999994852 -0.04 0.05999999999994857
817 0.02999999999997428 -0.04 -0.0400000000000867
818 0.02999999999997426 -0.04 -2.032107121463511e-13
819 0.02999999999997426 -0.04 0.03999999999989708
820 -0.02000000000004334 0.04000000000000001 -0.04000000000008669
821 -0.02000000000004334 0.04000000000000001 -2.032089774228751e-13
822 -0.02000000000004334 0.04 0.03999999999989706
823 -1.016044887114375e-13 0.04 -0.0400000000000867
824 -1.016062234349135e-13 0.04 -2.032124468698271e-13
825 -1.016044887114376e-13 0.04 0.03999999999989706
826 0.01999999999994854 0.04 -0.0400000000000867
827 0.01999999999994853 0.04 -2.032107121463511e-13
828 0.01999999999994852 0.03999999999999999 0.03999999999989707
829 -0.02000000000004335 0.04 -0.06000000000004333
830 -0.03000000000002167 0.04000000000000001 -0.0400000000000867
831 -0.02000000000004334 0.04000000000000001 -0.02000000000014495
832 -0.03000000000002168 0.04000000000000001 -2.032055079759232e-13
833 -0.02000000000004334 0.04000000000000001 0.01999999999984692
834 -0.03000000000002167 0.04000000000000001 0.03999999999989707
835 -0.02000000000004335 0.04000000000000001 0.05999999999994854
836 -1.016036213496996e-13 0.04 -0.06000000000004334
837 -0.01000000000007248 0.04 -0.0400000000000867
838 -1.016044887114376e-13 0.03999999999999999 -0.02000000000014495
839 -0.01000000000007248 0.04 -2.032124468698271e-13
840 -1.016044887114376e-13 0.04 0.01999999999984692
841 -0.01000000000007248 0.04 0.03999999999989706
842 -1.016027539879616e-13 0.04 0.05999999999994853
843 0.01999999999994854 0.04 -0.06000000000004334
844 0.009999999999923471 0.04 -0.0400000000000867
845 0.01999999999994854 0.04000000000000001 -0.02000000000014496
846 0.009999999999923457 0.04 -2.032124468698271e-13
847 0.01999999999994852 0.04 0.01999999999984692
848 0.009999999999923459 0.04 0.03999999999989708
849 0.01999999999994852 0.04 0.05999999999994857
850 0.02999999999997428 0.04 -0.0400000000000867
851 0.02999999999997426 0.04 -2.032107121463511e-13
852 0.02999999999997426 0.04 0.03999999999989708
853 -0.02000000000004334 -0.02000000000004334 -0.08000000000000002
854 -0.02000000000004334 -1.016044887114376e-13 -0.08000000000000002
855 -0.02000000000004334 0.01999999999994853 -0.08
856 -1.016044887114375e-13 -0.02000000000004335 -0.08
857 -1.016062234349135e-13 -1.016062234349135e-13 -0.08
858 -1.016044887114376e-13 0.01999999999994853 -0.08
859 0.01999999999994854 -0.02000000000004335 -0.08
860 0.01999999999994853 -1.016053560731756e-13 -0.08
861 0.01999999999994852 0.01999999999994853 -0.07999999999999999
862 -0.02000000000004335 -0.03000000000002167 -0.08
863 -0.03000000000002167 -0.02000000000004335 -0.08000000000000002
864 -0.02000000000004334 -0.01000000000007248 -0.08000000000000002
865 -0.03000000000002168 -1.016027539879616e-13 -0.08000000000000002
866 -0.02000000000004334 0.009999999999923462 -0.08000000000000002
867 -0.03000000000002167 0.01999999999994853 -0.08000000000000002
868 -0.02000000000004335 0.02999999999997427 -0.08000000000000002
869 -1.016036213496996e-13 -0.03000000000002167 -0.08
870 -0.01000000000007248 -0.02000000000004335 -0.08
871 -1.016044887114376e-13 -0.01000000000007248 -0.07999999999999999
872 -0.01000000000007248 -1.016062234349135e-13 -0.08
873 -1.016044887114376e-13 0.009999999999923459 -0.08
874 -0.01000000000007248 0.01999999999994853 -0.08
875 -1.016027539879616e-13 0.02999999999997426 -0.08
876 0.01999999999994854 -0.03000000000002167 -0.08
877 0.009999999999923471 -0.02000000000004335 -0.08
878 0.01999999999994854 -0.01000000000007248 -0.08000000000000002
879 0.009999999999923457 -1.016062234349135e-13 -0.08
880 0.01999999999994852 0.009999999999923462 -0.08
881 0.009999999999923459 0.01999999999994854 -0.08
882 0.01999999999994852 0.02999999999997428 -0.08
883 0.02999999999997428 -0.02000000000004335 -0.08
884 0.02999999999997426 -1.016053560731756e-13 -0.08
885 0.02999999999997426 0.01999999999994854 -0.08
886 -0.02000000000004334 -0.02000000000004334 0.08000000000000002
887 -0.02000000000004334 -1.016044887114376e-13 0.08000000000000002
888 -0.02000000000004334 0.01999999999994853 0.08
889 -1.016044887114375e-13 -0.02000000000004335 0.08
890 -1.016062234349135e-13 -1.016062234349135e-13 0.08
891 -1.016044887114376e-13 0.01999999999994853 0.08
892 0.01999999999994854 -0.02000000000004335 0.08
893 0.01999999999994853 -1.016053560731756e-13 0.08
894 0.01999999999994852 0.01999999999994853 0.07999999999999999
895 -0.02000000000004335 -0.03000000000002167 0.08
896 -0.03000000000002167 -0.02000000000004335 0.08000000000000002
897 -0.02000000000004334 -0.01000000000007248 0.08000000000000002
898 -0.03000000000002168 -1.016027539879616e-13 0.08000000000000002
899 -0.02000000000004334 0.009999999999923462 0.08000000000000002
900 -0.03000000000002167 0.01999999999994853 0.08000000000000002
901 -0.02000000000004335 0.02999999999997427 0.08000000000000002
902 -1.016036213496996e-13 -0.03000000000002167 0.08
903 -0.01000000000007248 -0.02000000000004335 0.08
904 -1.016044887114376e-13 -0.01000000000007248 0.07999999999999999
905 -0.01000000000007248 -1.016062234349135e-13 0.08
906 -1.016044887114376e-13 0.009999999999923459 0.08
907 -0.01000000000007248 0.01999999999994853 0.08
908 -1.016027539879616e-13 0.02999999999997426 0.08
909 0.01999999999994854 -0.03000000000002167 0.08
910 0.009999999999923471 -0.02000000000004335 0.08
911 0.01999999999994854 -0.01000000000007248 0.08000000000000002
912 0.009999999999923457 -1.016062234349135e-13 0.08
913 0.01999999999994852 0.009999999999923462 0.08
914 0.009999999999923459 0.01999999999994854 0.08
915 0.01999999999994852 0.02999999999997428 0.08
916 0.02999999999997428 -0.02000000000004335 0.08
917 0.02999999999997426 -1.016053560731756e-13 0.08
918 0.02999999999997426 0.01999999999994854 0.08
919 -0.02073887339707076 -0.01002905445685906 -0.02073887339707076
920 -0.0210710678217728 2.583121650604134e-11 -0.0210710678217728
921 -0.02073887339539199 0.01002905448215712 -0.02073887339539199
922 -0.01710831009625587 -0.00804358168917723 -0.01710831009625587
923 -0.02025618804874886 -0.01490127857827278 -0.02025618804874886
924 -0.02436943669832498 -0.01201452722714753 -0.02436943669832498
925 -0.01760660173267689 3.12267885160618e-11 -0.01760660173267689
926 -0.02090497061278648 -0.005014527212118054 -0.02090497061278648
927 -0.0245355339108864 1.539812288092105e-11 -0.0245355339108864
928 -0.0171083100924763 0.008043581719373994 -0.0171083100924763
929 -0.02090497061193675 0.005014527250608834 -0.02090497061193675
930 -0.02436943669790607 0.01201452724235788 -0.02436943669790607
931 -0.02025618804790947 0.0149012785909218 -0.02025618804790947
932 -0.02073887339707076 0.02073887339707076 -0.01002905445685906
933 -0.0210710678217728 0.0210710678217728 2.583121650604134e-11
934 -0.02073887339539199 0.02073887339539199 0.01002905448215712
935 -0.01710831009625587 0.01710831009625587 -0.00804358168917723
936 -0.02025618804874886 0.02025618804874886 -0.01490127857827278
937 -0.02436943669832498 0.02436943669832498 -0.01201452722714753
938 -0.01760660173267689 0.01760660173267689 3.12267885160618e-11
939 -0.02090497061278648 0.02090497061278648 -0.005014527212118054
940 -0.0245355339108864 0.0245355339108864 1.539812288092105e-11
941 -0.0171083100924763 0.0171083100924763 0.008043581719373994
942 -0.02090497061193675 0.02090497061193675 0.005014527250608834
943 -0.02436943669790607 0.02436943669790607 0.01201452724235788
944 -0.02025618804790947 0.02025618804790947 0.0149012785909218
945 -0.02073887339707076 -0.01002905445685906 0.02073887339707076
946 -0.0210710678217728 2.583121650604134e-11 0.0210710678217728
947 -0.02073887339539199 0.01002905448215712 0.02073887339539199
948 -0.01710831009625587 -0.00804358168917723 0.01710831009625587
949 -0.02025618804874886 -0.01490127857827278 0.02025618804874886
950 -0.02436943669832498 -0.01201452722714753 0.02436943669832498
951 -0.01760660173267689 3.12267885160618e-11 0.01760660173267689
952 -0.02090497061278648 -0.005014527212118054 0.02090497061278648
953 -0.0245355339108864 1.539812288092105e-11 0.0245355339108864
954 -0.0171083100924763 0.008043581719373994 0.0171083100924763
955 -0.02090497061193675 0.005014527250608834 0.02090497061193675
956 -0.02436943669790607 0.01201452724235788 0.02436943669790607
957 -0.02025618804790947 0.0149012785909218 0.02025618804790947
958 -0.02073887339707076 -0.02073887339707076 -0.01002905445685906
959 -0.0210710678217728 -0.0210710678217728 2.583121650604134e-11
960 -0.02073887339539199 -0.02073887339539199 0.01002905448215712
961 -0.01710831009625587 -0.01710831009625587 -0.00804358168917723
962 -0.02025618804874886 -0.02025618804874886 -0.01490127857827278
963 -0.02436943669832498 -0.02436943669832498 -0.01201452722714753
964 -0.01760660173267689 -0.01760660173267689 3.12267885160618e-11
965 -0.02090497061278648 -0.02090497061278648 -0.005014527212118054
966 -0.0245355339108864 -0.0245355339108864 1.539812288092105e-11
967 -0.0171083100924763 -0.0171083100924763 0.008043581719373994
968 -0.02090497061193675 -0.02090497061193675 0.005014527250608834
969 -0.02436943669790607 -0.02436943669790607 0.01201452724235788
970 -0.02025618804790947 -0.02025618804790947 0.0149012785909218
971 0.02073887339707076 -0.01002905445685906 -0.02073887339707076
972 0.0210710678217728 2.583121650604134e-11 -0.0210710678217728
973 0.02073887339539199 0.01002905448215712 -0.02073887339539199
974 0.01710831009625587 -0.00804358168917723 -0.01710831009625587
975 0.02025618804874886 -0.01490127857827278 -0.02025618804874886
976 0.02436943669832498 -0.01201452722714753 -0.02436943669832498
977 0.01760660173267689 3.12267885160618e-11 -0.01760660173267689
978 0.02090497061278648 -0.005014527212118054 -0.02090497061278648
979 0.0245355339108864 1.539812288092105e-11 -0.0245355339108864
980 0.0171083100924763 0.008043581719373994 -0.0171083100924763
981 0.02090497061193675 0.005014527250608834 -0.02090497061193675
982 0.02436943669790607 0.01201452724235788 -0.02436943669790607
983 0.02025618804790947 0.0149012785909218 -0.02025618804790947
984 0.02073887339707076 0.02073887339707076 -0.01002905445685906
985 0.0210710678217728 0.0210710678217728 2.583121650604134e-11
986 0.02073887339539199 0.02073887339539199 0.01002905448215712
987 0.01710831009625587 0.01710831009625587 -0.00804358168917723
988 0.02025618804874886 0.02025618804874886 -0.01490127857827278
989 0.02436943669832498 0.02436943669832498 -0.01201452722714753
990 0.01760660173267689 0.01760660173267689 3.12267885160618e-11
991 0.02090497061278648 0.02090497061278648 -0.005014527212118054
992 0.0245355339108864 0.0245355339108864 1.539812288092105e-11
993 0.0171083100924763 0.0171083100924763 0.008043581719373994
994 0.02090497061193675 0.02090497061193675 0.005014527250608834
995 0.02436943669790607 0.02436943669790607 0.01201452724235788
996 0.02025618804790947 0.02025618804790947 0.0149012785909218
997 0.02073887339707076 -0.01002905445685906 0.02073887339707076
998 0.0210710678217728 2.583121650604134e-11 0.0210710678217728
999 0.02073887339539199 0.01002905448215712 0.02073887339539199
1000 0.01710831009625587 -0.00804358168917723 0.01710831009625587
1001 0.02025618804874886 -0.01490127857827278 0.02025618804874886
1002 0.02436943669832498 -0.01201452722714753 0.02436943669832498
1003 0.01760660173267689 3.12267885160618e-11 0.01760660173267689
1004 0.02090497061278648 -0.005014527212118054 0.02090497061278648
1005 0.0245355339108864 1.539812288092105e-11 0.0245355339108864
1006 0.0171083100924763 0.008043581719373994 0.0171083100924763
1007 0.02090497061193675 0.005014527250608834 0.02090497061193675
1008 0.02436943669790607 0.01201452724235788 0.02436943669790607
1009 0.02025618804790947 0.0149012785909218 0.02025618804790947
1010 0.02073887339707076 -0.02073887339707076 -0.01002905445685906
1011 0.0210710678217728 -0.0210710678217728 2.583121650604134e-11
1012 0.02073887339539199 -0.02073887339539199 0.01002905448215712
1013 0.01710831009625587 -0.01710831009625587 -0.00804358168917723
1014 0.02025618804874886 -0.02025618804874886 -0.01490127857827278
1015 0.02436943669832498 -0.02436943669832498 -0.01201452722714753
1016 0.01760660173267689 -0.01760660173267689 3.12267885160618e-11
1017 0.02090497061278648 -0.02090497061278648 -0.005014527212118054
1018 0.0245355339108864 -0.0245355339108864 1.539812288092105e-11
1019 0.0171083100924763 -0.0171083100924763 0.008043581719373994
1020 0.02090497061193675 -0.02090497061193675 0.005014527250608834
1021 0.02436943669790607 -0.02436943669790607 0.01201452724235788
1022 0.02025618804790947 -0.02025618804790947 0.0149012785909218
1023 -0.01002905445685906 -0.02073887339707076 -0.02073887339707076
1024 2.583121650604134e-11 -0.0210710678217728 -0.0210710678217728
1025 0.01002905448215712 -0.02073887339539199 -0.02073887339539199
1026 -0.00804358168917723 -0.01710831009625587 -0.01710831009625587
1027 -0.01490127857827278 -0.02025618804874886 -0.02025618804874886
1028 -0.01201452722714753 -0.02436943669832498 -0.02436943669832498
1029 3.12267885160618e-11 -0.01760660173267689 -0.01760660173267689
1030 -0.005014527212118054 -0.02090497061278648 -0.02090497061278648
1031 1.539812288092105e-11 -0.0245355339108864 -0.0245355339108864
1032 0.008043581719373994 -0.0171083100924763 -0.0171083100924763
1033 0.005014527250608834 -0.02090497061193675 -0.02090497061193675
1034 0.01201452724235788 -0.02436943669790607 -0.02436943669790607
1035 0.0149012785909218 -0.02025618804790947 -0.02025618804790947
1036 -0.01002905445685906 -0.02073887339707076 0.02073887339707076
1037 2.583121650604134e-11 -0.0210710678217728 0.0210710678217728
1038 0.01002905448215712 -0.02073887339539199 0.02073887339539199
1039 -0.00804358168917723 -0.01710831009625587 0.01710831009625587
1040 -0.01490127857827278 -0.02025618804874886 0.02025618804874886
1041 -0.01201452722714753 -0.02436943669832498 0.02436943669832498
1042 3.12267885160618e-11 -0.01760660173267689 0.01760660173267689
1043 -0.005014527212118054 -0.02090497061278648 0.02090497061278648
1044 1.539812288092105e-11 -0.0245355339108864 0.0245355339108864
1045 0.008043581719373994 -0.0171083100924763 0.0171083100924763
1046 0.005014527250608834 -0.02090497061193675 0.02090497061193675
1047 0.01201452724235788 -0.02436943669790607 0.02436943669790607
1048 0.0149012785909218 -0.02025618804790947 0.02025618804790947
1049 -0.01002905445685906 0.02073887339707076 -0.02073887339707076
1050 2.583121650604134e-11 0.0210710678217728 -0.0210710678217728
1051 0.01002905448215712 0.02073887339539199 -0.02073887339539199
1052 -0.00804358168917723 0.01710831009625587 -0.01710831009625587
1053 -0.01490127857827278 0.02025618804874886 -0.02025618804874886
1054 -0.01201452722714753 0.02436943669832498 -0.02436943669832498
1055 3.12267885160618e-11 0.01760660173267689 -0.01760660173267689
1056 -0.005014527212118054 0.02090497061278648 -0.02090497061278648
1057 1.539812288092105e-11 0.0245355339108864 -0.0245355339108864
1058 0.008043581719373994 0.0171083100924763 -0.0171083100924763
1059 0.005014527250608834 0.02090497061193675 -0.02090497061193675
1060 0.01201452724235788 0.02436943669790607 -0.02436943669790607
1061 0.0149012785909218 0.02025618804790947 -0.02025618804790947
1062 -0.01002905445685906 0.02073887339707076 0.02073887339707076
1063 2.583121650604134e-11 0.0210710678217728 0.0210710678217728
1064 0.01002905448215712 0.02073887339539199 0.02073887339539199
1065 -0.00804358168917723 0.01710831009625587 0.01710831009625587
1066 -0.01490127857827278 0.02025618804874886 0.02025618804874886
1067 -0.01201452722714753 0.02436943669832498 0.02436943669832498
1068 3.12267885160618e-11 0.01760660173267689 0.01760660173267689
1069 -0.005014527212118054 0.02090497061278648 0.02090497061278648
1070 1.539812288092105e-11 0.0245355339108864 0.0245355339108864
1071 0.008043581719373994 0.0171083100924763 0.0171083100924763
1072 0.005014527250608834 0.02090497061193675 0.02090497061193675
1073 0.01201452724235788 0.02436943669790607 0.02436943669790607
1074 0.0149012785909218 0.02025618804790947 0.02025618804790947
1075 -0.03399999999998324 -0.01700000000002978 -0.0539999999999274
1076 -0.03399999999998324 -8.719414079645527e-14 -0.05399999999992739
1077 -0.03399999999998325 0.01699999999994919 -0.0539999999999274
1078 -0.03099999999999162 -0.01550000000003119 -0.0409999999999637
1079 -0.03399999999998324 -0.02550000000000651 -0.0539999999999274
1080 -0.03699999999999162 -0.01850000000003662 -0.0669999999999637
1081 -0.03099999999999163 -7.987794453654446e-14 -0.04099999999996371
1082 -0.03399999999998325 -0.008500000000058489 -0.0539999999999274
1083 -0.03699999999999162 -9.444094811736996e-14 -0.0669999999999637
1084 -0.03099999999999163 0.01549999999995772 -0.04099999999996371
1085 -0.03399999999998325 0.008499999999930997 -0.05399999999992739
1086 -0.03699999999999162 0.01849999999994892 -0.0669999999999637
1087 -0.03399999999998325 0.02549999999996622 -0.0539999999999274
1088 -0.03399999999998324 0.03399999999998324 -0.0270000000000243
1089 -0.03399999999998324 0.03399999999998324 -1.384864445339943e-13
1090 -0.03399999999998325 0.03399999999998325 0.0269999999998963
1091 -0.03099999999999162 0.03099999999999162 -0.02050000000002865
1092 -0.03399999999998324 0.03399999999998324 -0.04049999999997585
1093 -0.03699999999999162 0.03699999999999162 -0.03350000000005576
1094 -0.03099999999999163 0.03099999999999163 -1.05648129133846e-13
1095 -0.03399999999998325 0.03399999999998325 -0.01350000000008139
1096 -0.03699999999999162 0.03699999999999162 -1.710220506877708e-13
1097 -0.03099999999999163 0.03099999999999163 0.02049999999993147
1098 -0.03399999999998325 0.03399999999998325 0.01349999999987891
1099 -0.03699999999999162 0.03699999999999162 0.03349999999989693
1100 -0.03399999999998325 0.03399999999998325 0.04049999999991186
1101 -0.03399999999998324 -0.01700000000002978 0.0539999999999274
1102 -0.03399999999998324 -8.719414079645527e-14 0.05399999999992739
1103 -0.03399999999998325 0.01699999999994919 0.0539999999999274
1104 -0.03099999999999162 -0.01550000000003119 0.0409999999999637
1105 -0.03399999999998324 -0.02550000000000651 0.0539999999999274
1106 -0.03699999999999162 -0.01850000000003662 0.0669999999999637
1107 -0.03099999999999163 -7.987794453654446e-14 0.04099999999996371
1108 -0.03399999999998325 -0.008500000000058489 0.0539999999999274
1109 -0.03699999999999162 -9.444094811736996e-14 0.0669999999999637
1110 -0.03099999999999163 0.01549999999995772 0.04099999999996371
1111 -0.03399999999998325 0.008499999999930997 0.05399999999992739
1112 -0.03699999999999162 0.01849999999994892 0.0669999999999637
1113 -0.03399999999998325 0.02549999999996622 0.0539999999999274
1114 -0.03399999999998324 -0.03399999999998324 -0.0270000000000243
1115 -0.03399999999998324 -0.03399999999998324 -1.384864445339943e-13
1116 -0.03399999999998325 -0.03399999999998325 0.0269999999998963
1117 -0.03099999999999162 -0.03099999999999162 -0.02050000000002865
1118 -0.03399999999998324 -0.03399999999998324 -0.04049999999997585
1119 -0.03699999999999162 -0.03699999999999162 -0.03350000000005576
1120 -0.03099999999999163 -0.03099999999999163 -1.05648129133846e-13
1121 -0.03399999999998325 -0.03399999999998325 -0.01350000000008139
1122 -0.03699999999999162 -0.03699999999999162 -1.710220506877708e-13
1123 -0.03099999999999163 -0.03099999999999163 0.02049999999993147
1124 -0.03399999999998325 -0.03399999999998325 0.01349999999987891
1125 -0.03699999999999162 -0.03699999999999162 0.03349999999989693
1126 -0.03399999999998325 -0.03399999999998325 0.04049999999991186
1127 0.03399999999998324 -0.01700000000002978 -0.0539999999999274
1128 0.03399999999998324 -8.719414079645527e-14 -0.05399999999992739
1129 0.03399999999998325 0.01699999999994919 -0.0539999999999274
1130 0.03099999999999162 -0.01550000000003119 -0.0409999999999637
1131 0.03399999999998324 -0.02550000000000651 -0.0539999999999274
1132 0.03699999999999162 -0.01850000000003662 -0.0669999999999637
1133 0.03099999999999163 -7.987794453654446e-14 -0.04099999999996371
1134 0.03399999999998325 -0.008500000000058489 -0.0539999999999274
1135 0.03699999999999162 -9.444094811736996e-14 -0.0669999999999637
1136 0.03099999999999163 0.01549999999995772 -0.04099999999996371
1137 0.03399999999998325 0.008499999999930997 -0.05399999999992739
1138 0.03699999999999162 0.01849999999994892 -0.0669999999999637
1139 0.03399999999998325 0.02549999999996622 -0.0539999999999274
1140 0.03399999999998324 0.03399999999998324 -0.0270000000000243
1141 0.03399999999998324 0.03399999999998324 -1.384864445339943e-13
1142 0.03399999999998325 0.03399999999998325 0.0269999999998963
1143 0.03099999999999162 0.03099999999999162 -0.02050000000002865
1144 0.03399999999998324 0.03399999999998324 -0.04049999999997585
1145 0.03699999999999162 0.03699999999999162 -0.03350000000005576
1146 0.03099999999999163 0.03099999999999163 -1.05648129133846e-13
1147 0.03399999999998325 0.03399999999998325 -0.01350000000008139
1148 0.03699999999999162 0.03699999999999162 -1.710220506877708e-13
1149 0.03099999999999163 0.03099999999999163 0.02049999999993147
1150 0.03399999999998325 0.03399999999998325 0.01349999999987891
1151 0.03699999999999162 0.03699999999999162 0.03349999999989693
1152 0.03399999999998325 0.03399999999998325 0.04049999999991186
1153 0.03399999999998324 -0.01700000000002978 0.0539999999999274
1154 0.03399999999998324 -8.719414079645527e-14 0.05399999999992739
1155 0.03399999999998325 0.01699999999994919 0.0539999999999274
1156 0.03099999999999162 -0.01550000000003119 0.0409999999999637
1157 0.03399999999998324 -0.02550000000000651 0.0539999999999274
1158 0.03699999999999162 -0.01850000000003662 0.0669999999999637
1159 0.03099999999999163 -7.987794453654446e-14 0.04099999999996371
1160 0.03399999999998325 -0.008500000000058489 0.0539999999999274
1161 0.03699999999999162 -9.444094811736996e-14 0.0669999999999637
1162 0.03099999999999163 0.01549999999995772 0.04099999999996371
1163 0.03399999999998325 0.008499999999930997 0.05399999999992739
1164 0.03699999999999162 0.01849999999994892 0.0669999999999637
1165 0.03399999999998325 0.02549999999996622 0.0539999999999274
1166 0.03399999999998324 -0.03399999999998324 -0.0270000000000243
1167 0.03399999999998324 -0.03399999999998324 -1.384864445339943e-13
1168 0.03399999999998325 -0.03399999999998325 0.0269999999998963
1169 0.03099999999999162 -0.03099999999999162 -0.02050000000002865
1170 0.03399999999998324 -0.03399999999998324 -0.04049999999997585
1171 0.03699999999999162 -0.03699999999999162 -0.03350000000005576
1172 0.03099999999999163 -0.03099999999999163 -1.05648129133846e-13
1173 0.03399999999998325 -0.03399999999998325 -0.01350000000008139
1174 0.03699999999999162 -0.03699999999999162 -1.710220506877708e-13
1175 0.03099999999999163 -0.03099999999999163 0.02049999999993147
1176 0.03399999999998325 -0.03399999999998325 0.01349999999987891
1177 0.03699999999999162 -0.03699999999999162 0.03349999999989693
1178 0.03399999999998325 -0.03399999999998325 0.04049999999991186
1179 -0.01700000000002978 -0.03399999999998324 -0.0539999999999274
1180 -8.719414079645527e-14 -0.03399999999998324 -0.05399999999992739
1181 0.01699999999994919 -0.03399999999998325 -0.0539999999999274
1182 -0.01550000000003119 -0.03099999999999162 -0.0409999999999637
1183 -0.02550000000000651 -0.03399999999998324 -0.0539999999999274
1184 -0.01850000000003662 -0.03699999999999162 -0.0669999999999637
1185 -7.987794453654446e-14 -0.03099999999999163 -0.04099999999996371
1186 -0.008500000000058489 -0.03399999999998325 -0.0539999999999274
1187 -9.444094811736996e-14 -0.03699999999999162 -0.0669999999999637
1188 0.01549999999995772 -0.03099999999999163 -0.04099999999996371
1189 0.008499999999930997 -0.03399999999998325 -0.05399999999992739
1190 0.01849999999994892 -0.03699999999999162 -0.0669999999999637
1191 0.02549999999996622 -0.03399999999998325 -0.0539999999999274
1192 -0.01700000000002978 -0.03399999999998324 0.0539999999999274
1193 -8.719414079645527e-14 -0.03399999999998324 0.05399999999992739
1194 0.01699999999994919 -0.03399999999998325 0.0539999999999274
1195 -0.01550000000003119 -0.03099999999999162 0.0409999999999637
1196 -0.02550000000000651 -0.03399999999998324 0.0539999999999274
1197 -0.01850000000003662 -0.03699999999999162 0.0669999999999637
1198 -7.987794453654446e-14 -0.03099999999999163 0.04099999999996371
1199 -0.008500000000058489 -0.03399999999998325 0.0539999999999274
1200 -9.444094811736996e-14 -0.03699999999999162 0.0669999999999637
1201 0.01549999999995772 -0.03099999999999163 0.04099999999996371
1202 0.008499999999930997 -0.03399999999998325 0.05399999999992739
1203 0.01849999999994892 -0.03699999999999162 0.0669999999999637
1204 0.02549999999996622 -0.03399999999998325 0.0539999999999274
1205 -0.01700000000002978 0.03399999999998324 -0.0539999999999274
1206 -8.719414079645527e-14 0.03399999999998324 -0.05399999999992739
1207 0.01699999999994919 0.03399999999998325 -0.0539999999999274
1208 -0.01550000000003119 0.03099999999999162 -0.0409999999999637
1209 -0.02550000000000651 0.03399999999998324 -0.0539999999999274
1210 -0.01850000000003662 0.03699999999999162 -0.0669999999999637
1211 -7.987794453654446e-14 0.03099999999999163 -0.04099999999996371
1212 -0.008500000000058489 0.03399999999998325 -0.0539999999999274
1213 -9.444094811736996e-14 0.03699999999999162 -0.0669999999999637
1214 0.01549999999995772 0.03099999999999163 -0.04099999999996371
1215 0.008499999999930997 0.03399999999998325 -0.05399999999992739
1216 0.01849999999994892 0.03699999999999162 -0.0669999999999637
1217 0.02549999999996622 0.03399999999998325 -0.0539999999999274
1218 -0.01700000000002978 0.03399999999998324 0.0539999999999274
1219 -8.719414079645527e-14 0.03399999999998324 0.05399999999992739
1220 0.01699999999994919 0.03399999999998325 0.0539999999999274
1221 -0.01550000000003119 0.03099999999999162 0.0409999999999637
1222 -0.02550000000000651 0.03399999999998324 0.0539999999999274
1223 -0.01850000000003662 0.03699999999999162 0.0669999999999637
1224 -7.987794453654446e-14 0.03099999999999163 0.04099999999996371
1225 -0.008500000000058489 0.03399999999998325 0.0539999999999274
1226 -9.444094811736996e-14 0.03699999999999162 0.0669999999999637
1227 0.01549999999995772 0.03099999999999163 0.04099999999996371
1228 0.008499999999930997 0.03399999999998325 0.05399999999992739
1229 0.01849999999994892 0.03699999999999162 0.0669999999999637
1230 0.02549999999996622 0.03399999999998325 0.0539999999999274
1231 -0.02240501843070021 -0.01083116596781401 -0.01083116596781402
1232 -0.02309301699948461 -0.01116137502144755 3.071017658923259e-11
1233 -0.0224050184257785 -0.01083116596548293 0.01083116599581822
1234 -0.02309301699948462 3.071017810711563e-11 -0.01116137502144755
1235 -0.02400000001402588 3.288817005189792e-11 3.288817005189792e-11
1236 -0.02309301699268966 3.071017745659432e-11 0.01116137505031513
1237 -0.02240501842577851 0.01083116599581823 -0.01083116596548293
1238 -0.02309301699268965 0.01116137505031513 3.071017615555172e-11
1239 -0.02240501842085678 0.01083116599348713 0.01083116599348713
1240 -0.01960752764774778 -0.009246748957326665 -0.009246748957326672
1241 -0.02157194591388549 -0.01043011021233654 -0.01578501968244239
1242 -0.02157194591388549 -0.01578501968244239 -0.01043011021233654
1243 -0.0252025092153501 -0.01241558298392326 -0.01241558298392326
1244 -0.02063952550008104 -0.009742062537355326 3.602646789816558e-11
1245 -0.02274901771509241 -0.01099627049463078 -0.005415582968551923
1246 -0.02208204241062871 -0.01611622142161017 2.827069654763696e-11
1247 -0.02554650849974231 -0.01258068751074002 1.531884038022402e-11
1248 -0.01960752763868332 -0.009246748952989098 0.009246748988988134
1249 -0.02274901771263155 -0.01099627049346524 0.0054155830132642
1250 -0.02157194591058524 -0.01578501968043746 0.01043011023898767
1251 -0.02520250921288925 -0.01241558298275772 0.01241558299789217
1252 -0.02157194591142463 -0.010430110211171 0.01578501969644449
1253 -0.02063952550008104 3.602646853443251e-11 -0.00974206253735533
1254 -0.02208204241062871 2.827069730657848e-11 -0.01611622142161018
1255 -0.02274901771509241 -0.005415582968551919 -0.01099627049463079
1256 -0.02554650849974231 1.531884135600597e-11 -0.01258068751074003
1257 -0.02200000002104903 3.92934583393389e-11 3.929345808022796e-11
1258 -0.02354650850675525 3.179917407950678e-11 -0.005580687494279691
1259 -0.02354650850675525 -0.005580687494279688 3.179917332056525e-11
1260 -0.02600000000701293 1.640783711155669e-11 1.640783754523756e-11
1261 -0.02063952548820672 3.602646783052176e-11 0.009742062570311858
1262 -0.02354650850335777 3.179917375424612e-11 0.005580687541601651
1263 -0.02274901770923408 -0.005415582967386377 0.01099627052306668
1264 -0.02554650849634483 1.531884081390489e-11 0.01258068752514063
1265 -0.02208204240723123 2.827069698131783e-11 0.01611622143604396
1266 -0.01960752763868333 0.009246748988988135 -0.009246748952989098
1267 -0.02157194591058525 0.01043011023898768 -0.01578501968043746
1268 -0.02274901771263156 0.005415583013264204 -0.01099627049346524
1269 -0.02520250921288926 0.01241558299789218 -0.01241558298275772
1270 -0.02063952548820671 0.009742062570311856 3.602646718000046e-11
1271 -0.02274901770923408 0.01099627052306668 -0.005415582967386378
1272 -0.02354650850335777 0.005580687541601649 3.179917310372482e-11
1273 -0.02554650849634482 0.01258068752514063 1.531884016338358e-11
1274 -0.01960752762961886 0.009246748984650556 0.009246748984650555
1275 -0.02274901770677321 0.01099627052190113 0.005415583012098654
1276 -0.02274901770677322 0.005415583012098654 0.01099627052190113
1277 -0.02520250921042838 0.01241558299672663 0.01241558299672663
1278 -0.02157194590812438 0.01043011023782213 0.01578501969443956
1279 -0.02157194591142464 0.0157850196964445 -0.010430110211171
1280 -0.02208204240723122 0.01611622143604396 2.827069633079653e-11
1281 -0.02157194590812438 0.01578501969443956 0.01043011023782213
1282 0.02240501843070021 -0.01083116596781401 -0.01083116596781402
1283 0.02309301699948461 -0.01116137502144755 3.071017658923259e-11
1284 0.0224050184257785 -0.01083116596548293 0.01083116599581822
1285 0.02309301699948462 3.071017810711563e-11 -0.01116137502144755
1286 0.02400000001402588 3.288817005189792e-11 3.288817005189792e-11
1287 0.02309301699268966 3.071017745659432e-11 0.01116137505031513
1288 0.02240501842577851 0.01083116599581823 -0.01083116596548293
1289 0.02309301699268965 0.01116137505031513 3.071017615555172e-11
1290 0.02240501842085678 0.01083116599348713 0.01083116599348713
1291 0.01960752764774778 -0.009246748957326665 -0.009246748957326672
1292 0.02157194591388549 -0.01043011021233654 -0.01578501968244239
1293 0.02157194591388549 -0.01578501968244239 -0.01043011021233654
1294 0.0252025092153501 -0.01241558298392326 -0.01241558298392326
1295 0.02063952550008104 -0.009742062537355326 3.602646789816558e-11
1296 0.02274901771509241 -0.01099627049463078 -0.005415582968551923
1297 0.02208204241062871 -0.01611622142161017 2.827069654763696e-11
1298 0.02554650849974231 -0.01258068751074002 1.531884038022402e-11
1299 0.01960752763868332 -0.009246748952989098 0.009246748988988134
1300 0.02274901771263155 -0.01099627049346524 0.0054155830132642
1301 0.02157194591058524 -0.01578501968043746 0.01043011023898767
1302 0.02520250921288925 -0.01241558298275772 0.01241558299789217
1303 0.02157194591142463 -0.010430110211171 0.01578501969644449
1304 0.02063952550008104 3.602646853443251e-11 -0.00974206253735533
1305 0.02208204241062871 2.827069730657848e-11 -0.01611622142161018
1306 0.02274901771509241 -0.005415582968551919 -0.01099627049463079
1307 0.02554650849974231 1.531884135600597e-11 -0.01258068751074003
1308 0.02200000002104903 3.92934583393389e-11 3.929345808022796e-11
1309 0.02354650850675525 3.179917407950678e-11 -0.005580687494279691
1310 0.02354650850675525 -0.005580687494279688 3.179917332056525e-11
1311 0.02600000000701293 1.640783711155669e-11 1.640783754523756e-11
1312 0.02063952548820672 3.602646783052176e-11 0.009742062570311858
1313 0.02354650850335777 3.179917375424612e-11 0.005580687541601651
1314 0.02274901770923408 -0.005415582967386377 0.01099627052306668
1315 0.02554650849634483 1.531884081390489e-11 0.01258068752514063
1316 0.02208204240723123 2.827069698131783e-11 0.01611622143604396
1317 0.01960752763868333 0.009246748988988135 -0.009246748952989098
1318 0.02157194591058525 0.01043011023898768 -0.01578501968043746
1319 0.02274901771263156 0.005415583013264204 -0.01099627049346524
1320 0.02520250921288926 0.01241558299789218 -0.01241558298275772
1321 0.02063952548820671 0.009742062570311856 3.602646718000046e-11
1322 0.02274901770923408 0.01099627052306668 -0.005415582967386378
1323 0.02354650850335777 0.005580687541601649 3.179917310372482e-11
1324 0.02554650849634482 0.01258068752514063 1.531884016338358e-11
1325 0.01960752762961886 0.009246748984650556 0.009246748984650555
1326 0.02274901770677321 0.01099627052190113 0.005415583012098654
1327 0.02274901770677322 0.005415583012098654 0.01099627052190113
1328 0.02520250921042838 0.01241558299672663 0.01241558299672663
1329 0.02157194590812438 0.01043011023782213 0.01578501969443956
1330 0.02157194591142464 0.0157850196964445 -0.010430110211171
1331 0.02208204240723122 0.01611622143604396 2.827069633079653e-11
1332 0.02157194590812438 0.01578501969443956 0.01043011023782213
1333 -0.01083116596781401 -0.02240501843070021 -0.01083116596781402
1334 -0.01116137502144755 -0.02309301699948461 3.071017658923259e-11
1335 -0.01083116596548293 -0.0224050184257785 0.01083116599581822
1336 3.071017810711563e-11 -0.02309301699948462 -0.01116137502144755
1337 3.288817005189792e-11 -0.02400000001402588 3.288817005189792e-11
1338 3.071017745659432e-11 -0.02309301699268966 0.01116137505031513
1339 0.01083116599581823 -0.02240501842577851 -0.01083116596548293
1340 0.01116137505031513 -0.02309301699268965 3.071017615555172e-11
1341 0.01083116599348713 -0.02240501842085678 0.01083116599348713
1342 -0.009246748957326665 -0.01960752764774778 -0.009246748957326672
1343 -0.01043011021233654 -0.02157194591388549 -0.01578501968244239
1344 -0.01578501968244239 -0.02157194591388549 -0.01043011021233654
1345 -0.01241558298392326 -0.0252025092153501 -0.01241558298392326
1346 -0.009742062537355326 -0.02063952550008104 3.602646789816558e-11
1347 -0.01099627049463078 -0.02274901771509241 -0.005415582968551923
1348 -0.01611622142161017 -0.02208204241062871 2.827069654763696e-11
1349 -0.01258068751074002 -0.02554650849974231 1.531884038022402e-11
1350 -0.009246748952989098 -0.01960752763868332 0.009246748988988134
1351 -0.01099627049346524 -0.02274901771263155 0.0054155830132642
1352 -0.01578501968043746 -0.02157194591058524 0.01043011023898767
1353 -0.01241558298275772 -0.02520250921288925 0.01241558299789217
1354 -0.010430110211171 -0.02157194591142463 0.01578501969644449
1355 3.602646853443251e-11 -0.02063952550008104 -0.00974206253735533
1356 2.827069730657848e-11 -0.02208204241062871 -0.01611622142161018
1357 -0.005415582968551919 -0.02274901771509241 -0.01099627049463079
1358 1.531884135600597e-11 -0.02554650849974231 -0.01258068751074003
1359 3.92934583393389e-11 -0.02200000002104903 3.929345808022796e-11
1360 3.179917407950678e-11 -0.02354650850675525 -0.005580687494279691
1361 -0.005580687494279688 -0.02354650850675525 3.179917332056525e-11
1362 1.640783711155669e-11 -0.02600000000701293 1.640783754523756e-11
1363 3.602646783052176e-11 -0.02063952548820672 0.009742062570311858
1364 3.179917375424612e-11 -0.02354650850335777 0.005580687541601651
1365 -0.005415582967386377 -0.02274901770923408 0.01099627052306668
1366 1.531884081390489e-11 -0.02554650849634483 0.01258068752514063
1367 2.827069698131783e-11 -0.02208204240723123 0.01611622143604396
1368 0.009246748988988135 -0.01960752763868333 -0.009246748952989098
1369 0.01043011023898768 -0.02157194591058525 -0.01578501968043746
1370 0.005415583013264204 -0.02274901771263156 -0.01099627049346524
1371 0.01241558299789218 -0.02520250921288926 -0.01241558298275772
1372 0.009742062570311856 -0.02063952548820671 3.602646718000046e-11
1373 0.01099627052306668 -0.02274901770923408 -0.005415582967386378
1374 0.005580687541601649 -0.02354650850335777 3.179917310372482e-11
1375 0.01258068752514063 -0.02554650849634482 1.531884016338358e-11
1376 0.009246748984650556 -0.01960752762961886 0.009246748984650555
1377 0.01099627052190113 -0.02274901770677321 0.005415583012098654
1378 0.005415583012098654 -0.02274901770677322 0.01099627052190113
1379 0.01241558299672663 -0.02520250921042838 0.01241558299672663
1380 0.01043011023782213 -0.02157194590812438 0.01578501969443956
1381 0.0157850196964445 -0.02157194591142464 -0.010430110211171
1382 0.01611622143604396 -0.02208204240723122 2.827069633079653e-11
1383 0.01578501969443956 -0.02157194590812438 0.01043011023782213
1384 -0.01083116596781401 0.02240501843070021 -0.01083116596781402
1385 -0.01116137502144755 0.02309301699948461 3.071017658923259e-11
1386 -0.01083116596548293 0.0224050184257785 0.01083116599581822
1387 3.071017810711563e-11 0.02309301699948462 -0.01116137502144755
1388 3.288817005189792e-11 0.02400000001402588 3.288817005189792e-11
1389 3.071017745659432e-11 0.02309301699268966 0.01116137505031513
1390 0.01083116599581823 0.02240501842577851 -0.01083116596548293
1391 0.01116137505031513 0.02309301699268965 3.071017615555172e-11
1392 0.01083116599348713 0.02240501842085678 0.01083116599348713
1393 -0.009246748957326665 0.01960752764774778 -0.009246748957326672
1394 -0.01043011021233654 0.02157194591388549 -0.01578501968244239
1395 -0.01578501968244239 0.02157194591388549 -0.01043011021233654
1396 -0.01241558298392326 0.0252025092153501 -0.01241558298392326
1397 -0.009742062537355326 0.02063952550008104 3.602646789816558e-11
1398 -0.01099627049463078 0.02274901771509241 -0.005415582968551923
1399 -0.01611622142161017 0.02208204241062871 2.827069654763696e-11
1400 -0.01258068751074002 0.02554650849974231 1.531884038022402e-11
1401 -0.009246748952989098 0.01960752763868332 0.009246748988988134
1402 -0.01099627049346524 0.02274901771263155 0.0054155830132642
1403 -0.01578501968043746 0.02157194591058524 0.01043011023898767
1404 -0.01241558298275772 0.02520250921288925 0.01241558299789217
1405 -0.010430110211171 0.02157194591142463 0.01578501969644449
1406 3.602646853443251e-11 0.02063952550008104 -0.00974206253735533
1407 2.827069730657848e-11 0.02208204241062871 -0.01611622142161018
1408 -0.005415582968551919 0.02274901771509241 -0.01099627049463079
1409 1.531884135600597e-11 0.02554650849974231 -0.01258068751074003
1410 3.92934583393389e-11 0.02200000002104903 3.929345808022796e-11
1411 3.179917407950678e-11 0.02354650850675525 -0.005580687494279691
1412 -0.005580687494279688 0.02354650850675525 3.179917332056525e-11
1413 1.640783711155669e-11 0.02600000000701293 1.640783754523756e-11
1414 3.602646783052176e-11 0.02063952548820672 0.009742062570311858
1415 3.179917375424612e-11 0.02354650850335777 0.005580687541601651
1416 -0.005415582967386377 0.02274901770923408 0.01099627052306668
1417 1.531884081390489e-11 0.02554650849634483 0.01258068752514063
1418 2.827069698131783e-11 0.02208204240723123 0.01611622143604396
1419 0.009246748988988135 0.01960752763868333 -0.009246748952989098
1420 0.01043011023898768 0.02157194591058525 -0.01578501968043746
1421 0.005415583013264204 0.02274901771263156 -0.01099627049346524
1422 0.01241558299789218 0.02520250921288926 -0.01241558298275772
1423 0.009742062570311856 0.02063952548820671 3.602646718000046e-11
1424 0.01099627052306668 0.02274901770923408 -0.005415582967386378
1425 0.005580687541601649 0.02354650850335777 3.179917310372482e-11
1426 0.01258068752514063 0.02554650849634482 1.531884016338358e-11
1427 0.009246748984650556 0.01960752762961886 0.009246748984650555
1428 0.01099627052190113 0.02274901770677321 0.005415583012098654
1429 0.005415583012098654 0.02274901770677322 0.01099627052190113
1430 0.01241558299672663 0.02520250921042838 0.01241558299672663
1431 0.01043011023782213 0.02157194590812438 0.01578501969443956
1432 0.0157850196964445 0.02157194591142464 -0.010430110211171
1433 0.01611622143604396 0.02208204240723122 2.827069633079653e-11
1434 0.01578501969443956 0.02157194590812438 0.01043011023782213
1435 -0.01083116596781401 -0.01083116596781402 -0.02240501843070021
1436 -0.01116137502144755 3.071017658923259e-11 -0.02309301699948461
1437 -0.01083116596548293 0.01083116599581822 -0.0224050184257785
1438 3.071017810711563e-11 -0.01116137502144755 -0.02309301699948462
1439 3.288817005189792e-11 3.288817005189792e-11 -0.02400000001402588
1440 3.071017745659432e-11 0.01116137505031513 -0.02309301699268966
1441 0.01083116599581823 -0.01083116596548293 -0.02240501842577851
1442 0.01116137505031513 3.071017615555172e-11 -0.02309301699268965
1443 0.01083116599348714 0.01083116599348713 -0.02240501842085678
1444 -0.009246748957326665 -0.009246748957326672 -0.01960752764774778
1445 -0.01043011021233654 -0.01578501968244239 -0.02157194591388549
1446 -0.01578501968244239 -0.01043011021233654 -0.02157194591388549
1447 -0.01241558298392326 -0.01241558298392326 -0.0252025092153501
1448 -0.009742062537355326 3.602646789816558e-11 -0.02063952550008104
1449 -0.01099627049463078 -0.005415582968551923 -0.02274901771509241
1450 -0.01611622142161017 2.827069654763696e-11 -0.02208204241062871
1451 -0.01258068751074002 1.531884038022402e-11 -0.02554650849974231
1452 -0.009246748952989098 0.009246748988988134 -0.01960752763868332
1453 -0.01099627049346524 0.0054155830132642 -0.02274901771263155
1454 -0.01578501968043746 0.01043011023898767 -0.02157194591058524
1455 -0.01241558298275772 0.01241558299789217 -0.02520250921288925
1456 -0.010430110211171 0.01578501969644449 -0.02157194591142463
1457 3.602646853443251e-11 -0.00974206253735533 -0.02063952550008104
1458 2.827069730657848e-11 -0.01611622142161018 -0.02208204241062871
1459 -0.005415582968551919 -0.01099627049463079 -0.02274901771509241
1460 1.531884135600597e-11 -0.01258068751074003 -0.02554650849974231
1461 3.92934583393389e-11 3.929345808022796e-11 -0.02200000002104903
1462 3.179917407950678e-11 -0.005580687494279691 -0.02354650850675525
1463 -0.005580687494279688 3.179917332056525e-11 -0.02354650850675525
1464 1.640783711155669e-11 1.640783754523756e-11 -0.02600000000701293
1465 3.602646783052176e-11 0.009742062570311858 -0.02063952548820672
1466 3.179917375424612e-11 0.005580687541601651 -0.02354650850335777
1467 -0.005415582967386377 0.01099627052306668 -0.02274901770923408
1468 1.531884081390489e-11 0.01258068752514063 -0.02554650849634483
1469 2.827069698131783e-11 0.01611622143604396 -0.02208204240723123
1470 0.009246748988988135 -0.009246748952989098 -0.01960752763868333
1471 0.01043011023898768 -0.01578501968043746 -0.02157194591058525
1472 0.005415583013264204 -0.01099627049346524 -0.02274901771263156
1473 0.01241558299789218 -0.01241558298275772 -0.02520250921288926
1474 0.009742062570311856 3.602646718000046e-11 -0.02063952548820671
1475 0.01099627052306668 -0.005415582967386378 -0.02274901770923408
1476 0.005580687541601649 3.179917310372482e-11 -0.02354650850335777
1477 0.01258068752514063 1.531884016338358e-11 -0.02554650849634482
1478 0.00924674898465056 0.009246748984650556 -0.01960752762961886
1479 0.01099627052190113 0.005415583012098654 -0.02274901770677321
1480 0.005415583012098658 0.01099627052190113 -0.02274901770677322
1481 0.01241558299672663 0.01241558299672663 -0.02520250921042838
1482 0.01043011023782213 0.01578501969443956 -0.02157194590812438
1483 0.0157850196964445 -0.010430110211171 -0.02157194591142464
1484 0.01611622143604396 2.827069633079653e-11 -0.02208204240723122
1485 0.01578501969443957 0.01043011023782213 -0.02157194590812438
1486 -0.01083116596781401 -0.01083116596781402 0.02240501843070021
1487 -0.01116137502144755 3.071017658923259e-11 0.02309301699948461
1488 -0.01083116596548293 0.01083116599581822 0.0224050184257785
1489 3.071017810711563e-11 -0.01116137502144755 0.02309301699948462
1490 3.288817005189792e-11 3.288817005189792e-11 0.02400000001402588
1491 3.071017745659432e-11 0.01116137505031513 0.02309301699268966
1492 0.01083116599581823 -0.01083116596548293 0.02240501842577851
1493 0.01116137505031513 3.071017615555172e-11 0.02309301699268965
1494 0.01083116599348714 0.01083116599348713 0.02240501842085678
1495 -0.009246748957326665 -0.009246748957326672 0.01960752764774778
1496 -0.01043011021233654 -0.01578501968244239 0.02157194591388549
1497 -0.01578501968244239 -0.01043011021233654 0.02157194591388549
1498 -0.01241558298392326 -0.01241558298392326 0.0252025092153501
1499 -0.009742062537355326 3.602646789816558e-11 0.02063952550008104
1500 -0.01099627049463078 -0.005415582968551923 0.02274901771509241
1501 -0.01611622142161017 2.827069654763696e-11 0.02208204241062871
1502 -0.01258068751074002 1.531884038022402e-11 0.02554650849974231
1503 -0.009246748952989098 0.009246748988988134 0.01960752763868332
1504 -0.01099627049346524 0.0054155830132642 0.02274901771263155
1505 -0.01578501968043746 0.01043011023898767 0.02157194591058524
1506 -0.01241558298275772 0.01241558299789217 0.02520250921288925
1507 -0.010430110211171 0.01578501969644449 0.02157194591142463
1508 3.602646853443251e-11 -0.00974206253735533 0.02063952550008104
1509 2.827069730657848e-11 -0.01611622142161018 0.02208204241062871
1510 -0.005415582968551919 -0.01099627049463079 0.02274901771509241
1511 1.531884135600597e-11 -0.01258068751074003 0.02554650849974231
1512 3.92934583393389e-11 3.929345808022796e-11 0.02200000002104903
1513 3.179917407950678e-11 -0.005580687494279691 0.02354650850675525
1514 -0.005580687494279688 3.179917332056525e-11 0.02354650850675525
1515 1.640783711155669e-11 1.640783754523756e-11 0.02600000000701293
1516 3.602646783052176e-11 0.009742062570311858 0.02063952548820672
1517 3.179917375424612e-11 0.005580687541601651 0.02354650850335777
1518 -0.005415582967386377 0.01099627052306668 0.02274901770923408
1519 1.531884081390489e-11 0.01258068752514063 0.02554650849634483
1520 2.827069698131783e-11 0.01611622143604396 0.02208204240723123
1521 0.009246748988988135 -0.009246748952989098 0.01960752763868333
1522 0.01043011023898768 -0.01578501968043746 0.02157194591058525
1523 0.005415583013264204 -0.01099627049346524 0.02274901771263156
1524 0.01241558299789218 -0.01241558298275772 0.02520250921288926
1525 0.009742062570311856 3.602646718000046e-11 0.02063952548820671
1526 0.01099627052306668 -0.005415582967386378 0.02274901770923408
1527 0.005580687541601649 3.179917310372482e-11 0.02354650850335777
1528 0.01258068752514063 1.531884016338358e-11 0.02554650849634482
1529 0.00924674898465056 0.009246748984650556 0.01960752762961886
1530 0.01099627052190113 0.005415583012098654 0.02274901770677321
1531 0.005415583012098658 0.01099627052190113 0.02274901770677322
1532 0.01241558299672663 0.01241558299672663 0.02520250921042838
1533 0.01043011023782213 0.01578501969443956 0.02157194590812438
1534 0.0157850196964445 -0.010430110211171 0.02157194591142464
1535 0.01611622143604396 2.827069633079653e-11 0.02208204240723122
1536 0.01578501969443957 0.01043011023782213 0.02157194590812438
1537 -0.03399999999998324 -0.01700000000002977 -0.0270000000000243
1538 -0.03399999999998323 -0.01700000000002977 -1.384812403637525e-13
1539 -0.03399999999998325 -0.01700000000002979 0.02699999999989629
1540 -0.03399999999998322 -8.719023766867728e-14 -0.0270000000000243
1541 -0.03399999999998323 -8.719414079649823e-14 -1.384829750872285e-13
1542 -0.03399999999998327 -8.719414079649823e-14 0.02699999999989631
1543 -0.03399999999998326 0.0169999999999492 -0.02700000000002432
1544 -0.03399999999998327 0.01699999999994919 -1.384829750872285e-13
1545 -0.03399999999998323 0.01699999999994918 0.02699999999989629
1546 -0.03099999999999162 -0.01550000000003114 -0.02050000000002841
1547 -0.03399999999998324 -0.01700000000002978 -0.04049999999997585
1548 -0.03399999999998324 -0.0255000000000065 -0.0270000000000243
1549 -0.03699999999999162 -0.01850000000003656 -0.0335000000000555
1550 -0.03099999999999162 -0.01550000000003114 -1.054885345741496e-13
1551 -0.03399999999998324 -0.01700000000002977 -0.01350000000008139
1552 -0.03399999999998324 -0.0255000000000065 -1.384838424488734e-13
1553 -0.03699999999999162 -0.01850000000003656 -1.708451088933138e-13
1554 -0.03099999999999162 -0.01550000000003115 0.02049999999993121
1555 -0.03399999999998324 -0.01700000000002978 0.01349999999987891
1556 -0.03399999999998325 -0.02550000000000652 0.0269999999998963
1557 -0.03699999999999162 -0.01850000000003656 0.03349999999989668
1558 -0.03399999999998325 -0.01700000000002978 0.04049999999991184
1559 -0.03099999999999161 -7.984281638617752e-14 -0.02050000000002841
1560 -0.03399999999998322 -8.719218923256628e-14 -0.04049999999997585
1561 -0.03399999999998322 -0.008500000000058482 -0.0270000000000243
1562 -0.03699999999999161 -9.439736319005741e-14 -0.0335000000000555
1563 -0.03099999999999161 -7.984498479052249e-14 -1.054889682550186e-13
1564 -0.03399999999998322 -8.719218923258776e-14 -0.01350000000008139
1565 -0.03399999999998323 -0.008500000000058483 -1.384821077254905e-13
1566 -0.03699999999999162 -9.440018211570589e-14 -1.708477109785278e-13
1567 -0.03099999999999163 -7.984498479052249e-14 0.02049999999993122
1568 -0.03399999999998325 -8.719414079649823e-14 0.01349999999987891
1569 -0.03399999999998326 -0.00850000000005849 0.0269999999998963
1570 -0.03699999999999164 -9.43993147539679e-14 0.03349999999989668
1571 -0.03399999999998325 -8.719414079647675e-14 0.04049999999991185
1572 -0.03099999999999163 0.01549999999995767 -0.02050000000002841
1573 -0.03399999999998325 0.01699999999994919 -0.04049999999997586
1574 -0.03399999999998324 0.008499999999931004 -0.02700000000002431
1575 -0.03699999999999163 0.01849999999994887 -0.03350000000005551
1576 -0.03099999999999163 0.01549999999995766 -1.054894019358876e-13
1577 -0.03399999999998327 0.01699999999994919 -0.0135000000000814
1578 -0.03399999999998325 0.008499999999930999 -1.384829750872285e-13
1579 -0.03699999999999164 0.01849999999994886 -1.708468436167898e-13
1580 -0.03099999999999161 0.01549999999995765 0.02049999999993121
1581 -0.03399999999998325 0.01699999999994919 0.0134999999998789
1582 -0.03399999999998325 0.008499999999930993 0.0269999999998963
1583 -0.03699999999999161 0.01849999999994885 0.03349999999989668
1584 -0.03399999999998324 0.01699999999994918 0.04049999999991184
1585 -0.03399999999998325 0.02549999999996622 -0.02700000000002431
1586 -0.03399999999998325 0.02549999999996622 -1.384847098106114e-13
1587 -0.03399999999998324 0.02549999999996621 0.02699999999989629
1588 0.03399999999998324 -0.01700000000002977 -0.0270000000000243
1589 0.03399999999998323 -0.01700000000002977 -1.384812403637525e-13
1590 0.03399999999998325 -0.01700000000002979 0.02699999999989629
1591 0.03399999999998322 -8.719023766867728e-14 -0.0270000000000243
1592 0.03399999999998323 -8.719414079649823e-14 -1.384829750872285e-13
1593 0.03399999999998327 -8.719414079649823e-14 0.02699999999989631
1594 0.03399999999998326 0.0169999999999492 -0.02700000000002432
1595 0.03399999999998327 0.01699999999994919 -1.384829750872285e-13
1596 0.03399999999998323 0.01699999999994918 0.02699999999989629
1597 0.03099999999999162 -0.01550000000003114 -0.02050000000002841
1598 0.03399999999998324 -0.01700000000002978 -0.04049999999997585
1599 0.03399999999998324 -0.0255000000000065 -0.0270000000000243
1600 0.03699999999999162 -0.01850000000003656 -0.0335000000000555
1601 0.03099999999999162 -0.01550000000003114 -1.054885345741496e-13
1602 0.03399999999998324 -0.01700000000002977 -0.01350000000008139
1603 0.03399999999998324 -0.0255000000000065 -1.384838424488734e-13
1604 0.03699999999999162 -0.01850000000003656 -1.708451088933138e-13
1605 0.03099999999999162 -0.01550000000003115 0.02049999999993121
1606 0.03399999999998324 -0.01700000000002978 0.01349999999987891
1607 0.03399999999998325 -0.02550000000000652 0.0269999999998963
1608 0.03699999999999162 -0.01850000000003656 0.03349999999989668
1609 0.03399999999998325 -0.01700000000002978 0.04049999999991184
1610 0.03099999999999161 -7.984281638617752e-14 -0.02050000000002841
1611 0.03399999999998322 -8.719218923256628e-14 -0.04049999999997585
1612 0.03399999999998322 -0.008500000000058482 -0.0270000000000243
1613 0.03699999999999161 -9.439736319005741e-14 -0.0335000000000555
1614 0.03099999999999161 -7.984498479052249e-14 -1.054889682550186e-13
1615 0.03399999999998322 -8.719218923258776e-14 -0.01350000000008139
1616 0.03399999999998323 -0.008500000000058483 -1.384821077254905e-13
1617 0.03699999999999162 -9.440018211570589e-14 -1.708477109785278e-13
1618 0.03099999999999163 -7.984498479052249e-14 0.02049999999993122
1619 0.03399999999998325 -8.719414079649823e-14 0.01349999999987891
1620 0.03399999999998326 -0.00850000000005849 0.0269999999998963
1621 0.03699999999999164 -9.43993147539679e-14 0.03349999999989668
1622 0.03399999999998325 -8.719414079647675e-14 0.04049999999991185
1623 0.03099999999999163 0.01549999999995767 -0.02050000000002841
1624 0.03399999999998325 0.01699999999994919 -0.04049999999997586
1625 0.03399999999998324 0.008499999999931004 -0.02700000000002431
1626 0.03699999999999163 0.01849999999994887 -0.03350000000005551
1627 0.03099999999999163 0.01549999999995766 -1.054894019358876e-13
1628 0.03399999999998327 0.01699999999994919 -0.0135000000000814
1629 0.03399999999998325 0.008499999999930999 -1.384829750872285e-13
1630 0.03699999999999164 0.01849999999994886 -1.708468436167898e-13
1631 0.03099999999999161 0.01549999999995765 0.02049999999993121
1632 0.03399999999998325 0.01699999999994919 0.0134999999998789
1633 0.03399999999998325 0.008499999999930993 0.0269999999998963
1634 0.03699999999999161 0.01849999999994885 0.03349999999989668
1635 0.03399999999998324 0.01699999999994918 0.04049999999991184
1636 0.03399999999998325 0.02549999999996622 -0.02700000000002431
1637 0.03399999999998325 0.02549999999996622 -1.384847098106114e-13
1638 0.03399999999998324 0.02549999999996621 0.02699999999989629
1639 -0.01700000000002977 -0.03399999999998324 -0.0270000000000243
1640 -0.01700000000002977 -0.03399999999998323 -1.384812403637525e-13
1641 -0.01700000000002979 -0.03399999999998325 0.02699999999989629
1642 -8.719023766867728e-14 -0.03399999999998322 -0.0270000000000243
1643 -8.719414079649823e-14 -0.03399999999998323 -1.384829750872285e-13
1644 -8.719414079649823e-14 -0.03399999999998327 0.02699999999989631
1645 0.0169999999999492 -0.03399999999998326 -0.02700000000002432
1646 0.01699999999994919 -0.03399999999998327 -1.384829750872285e-13
1647 0.01699999999994918 -0.03399999999998323 0.02699999999989629
1648 -0.01550000000003114 -0.03099999999999162 -0.02050000000002841
1649 -0.01700000000002978 -0.03399999999998324 -0.04049999999997585
1650 -0.0255000000000065 -0.03399999999998324 -0.0270000000000243
1651 -0.01850000000003656 -0.03699999999999162 -0.0335000000000555
1652 -0.01550000000003114 -0.03099999999999162 -1.054885345741496e-13
1653 -0.01700000000002977 -0.03399999999998324 -0.01350000000008139
1654 -0.0255000000000065 -0.03399999999998324 -1.384838424488734e-13
1655 -0.01850000000003656 -0.03699999999999162 -1.708451088933138e-13
1656 -0.01550000000003115 -0.03099999999999162 0.02049999999993121
1657 -0.01700000000002978 -0.03399999999998324 0.01349999999987891
1658 -0.02550000000000652 -0.03399999999998325 0.0269999999998963
1659 -0.01850000000003656 -0.03699999999999162 0.03349999999989668
1660 -0.01700000000002978 -0.03399999999998325 0.04049999999991184
1661 -7.984281638617752e-14 -0.03099999999999161 -0.02050000000002841
1662 -8.719218923256628e-14 -0.03399999999998322 -0.04049999999997585
1663 -0.008500000000058482 -0.03399999999998322 -0.0270000000000243
1664 -9.439736319005741e-14 -0.03699999999999161 -0.0335000000000555
1665 -7.984498479052249e-14 -0.03099999999999161 -1.054889682550186e-13
1666 -8.719218923258776e-14 -0.03399999999998322 -0.01350000000008139
1667 -0.008500000000058483 -0.03399999999998323 -1.384821077254905e-13
1668 -9.440018211570589e-14 -0.03699999999999162 -1.708477109785278e-13
1669 -7.984498479052249e-14 -0.03099999999999163 0.02049999999993122
1670 -8.719414079649823e-14 -0.03399999999998325 0.01349999999987891
1671 -0.00850000000005849 -0.03399999999998326 0.0269999999998963
1672 -9.43993147539679e-14 -0.03699999999999164 0.03349999999989668
1673 -8.719414079647675e-14 -0.03399999999998325 0.04049999999991185
1674 0.01549999999995767 -0.03099999999999163 -0.02050000000002841
1675 0.01699999999994919 -0.03399999999998325 -0.04049999999997586
1676 0.008499999999931004 -0.03399999999998324 -0.02700000000002431
1677 0.01849999999994887 -0.03699999999999163 -0.03350000000005551
1678 0.01549999999995766 -0.03099999999999163 -1.054894019358876e-13
1679 0.01699999999994919 -0.03399999999998327 -0.0135000000000814
1680 0.008499999999930999 -0.03399999999998325 -1.384829750872285e-13
1681 0.01849999999994886 -0.03699999999999164 -1.708468436167898e-13
1682 0.01549999999995765 -0.03099999999999161 0.02049999999993121
1683 0.01699999999994919 -0.03399999999998325 0.0134999999998789
1684 0.008499999999930993 -0.03399999999998325 0.0269999999998963
1685 0.01849999999994885 -0.03699999999999161 0.03349999999989668
1686 0.01699999999994918 -0.03399999999998324 0.04049999999991184
1687 0.02549999999996622 -0.03399999999998325 -0.02700000000002431
1688 0.02549999999996622 -0.03399999999998325 -1.384847098106114e-13
1689 0.02549999999996621 -0.03399999999998324 0.02699999999989629
1690 -0.01700000000002977 0.03399999999998324 -0.0270000000000243
1691 -0.01700000000002977 0.03399999999998323 -1.384812403637525e-13
1692 -0.01700000000002979 0.03399999999998325 0.02699999999989629
1693 -8.719023766867728e-14 0.03399999999998322 -0.0270000000000243
1694 -8.719414079649823e-14 0.03399999999998323 -1.384829750872285e-13
1695 -8.719414079649823e-14 0.03399999999998327 0.02699999999989631
1696 0.0169999999999492 0.03399999999998326 -0.02700000000002432
1697 0.01699999999994919 0.03399999999998327 -1.384829750872285e-13
1698 0.01699999999994918 0.03399999999998323 0.02699999999989629
1699 -0.01550000000003114 0.03099999999999162 -0.02050000000002841
1700 -0.01700000000002978 0.03399999999998324 -0.04049999999997585
1701 -0.0255000000000065 0.03399999999998324 -0.0270000000000243
1702 -0.01850000000003656 0.03699999999999162 -0.0335000000000555
1703 -0.01550000000003114 0.03099999999999162 -1.054885345741496e-13
1704 -0.01700000000002977 0.03399999999998324 -0.01350000000008139
1705 -0.0255000000000065 0.03399999999998324 -1.384838424488734e-13
1706 -0.01850000000003656 0.03699999999999162 -1.708451088933138e-13
1707 -0.01550000000003115 0.03099999999999162 0.02049999999993121
1708 -0.01700000000002978 0.03399999999998324 0.01349999999987891
1709 -0.02550000000000652 0.03399999999998325 0.0269999999998963
1710 -0.01850000000003656 0.03699999999999162 0.03349999999989668
1711 -0.01700000000002978 0.03399999999998325 0.04049999999991184
1712 -7.984281638617752e-14 0.03099999999999161 -0.02050000000002841
1713 -8.719218923256628e-14 0.03399999999998322 -0.04049999999997585
1714 -0.008500000000058482 0.03399999999998322 -0.0270000000000243
1715 -9.439736319005741e-14 0.03699999999999161 -0.0335000000000555
1716 -7.984498479052249e-14 0.03099999999999161 -1.054889682550186e-13
1717 -8.719218923258776e-14 0.03399999999998322 -0.01350000000008139
1718 -0.008500000000058483 0.03399999999998323 -1.384821077254905e-13
1719 -9.440018211570589e-14 0.03699999999999162 -1.708477109785278e-13
1720 -7.984498479052249e-14 0.03099999999999163 0.02049999999993122
1721 -8.719414079649823e-14 0.03399999999998325 0.01349999999987891
1722 -0.00850000000005849 0.03399999999998326 0.0269999999998963
1723 -9.43993147539679e-14 0.03699999999999164 0.03349999999989668
1724 -8.719414079647675e-14 0.03399999999998325 0.04049999999991185
1725 0.01549999999995767 0.03099999999999163 -0.02050000000002841
1726 0.01699999999994919 0.03399999999998325 -0.04049999999997586
1727 0.008499999999931004 0.03399999999998324 -0.02700000000002431
1728 0.01849999999994887 0.03699999999999163 -0.03350000000005551
1729 0.01549999999995766 0.03099999999999163 -1.054894019358876e-13
1730 0.01699999999994919 0.03399999999998327 -0.0135000000000814
1731 0.008499999999930999 0.03399999999998325 -1.384829750872285e-13
1732 0.01849999999994886 0.03699999999999164 -1.708468436167898e-13
1733 0.01549999999995765 0.03099999999999161 0.02049999999993121
1734 0.01699999999994919 0.03399999999998325 0.0134999999998789
1735 0.008499999999930993 0.03399999999998325 0.0269999999998963
1736 0.01849999999994885 0.03699999999999161 0.03349999999989668
1737 0.01699999999994918 0.03399999999998324 0.04049999999991184
1738 0.02549999999996622 0.03399999999998325 -0.02700000000002431
1739 0.02549999999996622 0.03399999999998325 -1.384847098106114e-13
1740 0.02549999999996621 0.03399999999998324 0.02699999999989629
1741 -0.01700000000002977 -0.01700000000002978 -0.05399999999992743
1742 -0.01700000000002977 -8.718806926433231e-14 -0.05399999999992741
1743 -0.01700000000002979 0.01699999999994919 -0.05399999999992741
1744 -8.719023766867728e-14 -0.01700000000002978 -0.05399999999992742
1745 -8.719414079649823e-14 -8.719067134954628e-14 -0.05399999999992738
1746 -8.719414079649823e-14 0.01699999999994919 -0.05399999999992741
1747 0.0169999999999492 -0.01700000000002979 -0.0539999999999274
1748 0.01699999999994919 -8.719240607302225e-14 -0.05399999999992742
1749 0.01699999999994918 0.01699999999994919 -0.05399999999992738
1750 -0.01550000000003114 -0.01550000000003115 -0.04099999999996371
1751 -0.01700000000002978 -0.02550000000000651 -0.05399999999992741
1752 -0.0255000000000065 -0.01700000000002978 -0.05399999999992741
1753 -0.01850000000003656 -0.01850000000003656 -0.06699999999996373
1754 -0.01550000000003114 -7.984194902443953e-14 -0.04099999999996371
1755 -0.01700000000002977 -0.008500000000058485 -0.05399999999992742
1756 -0.0255000000000065 -8.719110503039379e-14 -0.0539999999999274
1757 -0.01850000000003656 -9.439627898788494e-14 -0.06699999999996371
1758 -0.01550000000003115 0.01549999999995766 -0.0409999999999637
1759 -0.01700000000002978 0.008499999999931002 -0.05399999999992741
1760 -0.02550000000000652 0.01699999999994919 -0.0539999999999274
1761 -0.01850000000003656 0.01849999999994886 -0.0669999999999637
1762 -0.01700000000002978 0.02549999999996622 -0.0539999999999274
1763 -7.984281638617752e-14 -0.01550000000003114 -0.04099999999996371
1764 -8.719218923256628e-14 -0.02550000000000651 -0.0539999999999274
1765 -0.008500000000058482 -0.01700000000002978 -0.05399999999992743
1766 -9.439736319005741e-14 -0.01850000000003656 -0.06699999999996371
1767 -7.984498479052249e-14 -7.984281638617752e-14 -0.04099999999996369
1768 -8.719218923258776e-14 -0.008500000000058483 -0.0539999999999274
1769 -0.008500000000058483 -8.71893703069393e-14 -0.0539999999999274
1770 -9.440018211570589e-14 -9.439844739222991e-14 -0.0669999999999637
1771 -7.984498479052249e-14 0.01549999999995766 -0.0409999999999637
1772 -8.719414079649823e-14 0.008499999999930999 -0.0539999999999274
1773 -0.00850000000005849 0.01699999999994919 -0.05399999999992741
1774 -9.43993147539679e-14 0.01849999999994886 -0.0669999999999637
1775 -8.719414079647675e-14 0.02549999999996621 -0.0539999999999274
1776 0.01549999999995767 -0.01550000000003115 -0.0409999999999637
1777 0.01699999999994919 -0.02550000000000652 -0.0539999999999274
1778 0.008499999999931004 -0.01700000000002978 -0.05399999999992741
1779 0.01849999999994887 -0.01850000000003657 -0.0669999999999637
1780 0.01549999999995766 -7.98441174287845e-14 -0.0409999999999637
1781 0.01699999999994919 -0.008500000000058489 -0.05399999999992741
1782 0.008499999999930999 -8.719153871128427e-14 -0.0539999999999274
1783 0.01849999999994886 -9.439888107309891e-14 -0.06699999999996371
1784 0.01549999999995765 0.01549999999995766 -0.04099999999996369
1785 0.01699999999994919 0.008499999999931 -0.0539999999999274
1786 0.008499999999930993 0.01699999999994919 -0.0539999999999274
1787 0.01849999999994885 0.01849999999994886 -0.06699999999996369
1788 0.01699999999994918 0.02549999999996622 -0.05399999999992739
1789 0.02549999999996622 -0.01700000000002978 -0.0539999999999274
1790 0.02549999999996622 -8.719327343473876e-14 -0.0539999999999274
1791 0.02549999999996621 0.01699999999994919 -0.05399999999992739
1792 -0.01700000000002977 -0.01700000000002978 0.05399999999992743
1793 -0.01700000000002977 -8.718806926433231e-14 0.05399999999992741
1794 -0.01700000000002979 0.01699999999994919 0.05399999999992741
1795 -8.719023766867728e-14 -0.01700000000002978 0.05399999999992742
1796 -8.719414079649823e-14 -8.719067134954628e-14 0.05399999999992738
1797 -8.719414079649823e-14 0.01699999999994919 0.05399999999992741
1798 0.0169999999999492 -0.01700000000002979 0.0539999999999274
1799 0.01699999999994919 -8.719240607302225e-14 0.05399999999992742
1800 0.01699999999994918 0.01699999999994919 0.05399999999992738
1801 -0.01550000000003114 -0.01550000000003115 0.04099999999996371
1802 -0.01700000000002978 -0.02550000000000651 0.05399999999992741
1803 -0.0255000000000065 -0.01700000000002978 0.05399999999992741
1804 -0.01850000000003656 -0.01850000000003656 0.06699999999996373
1805 -0.01550000000003114 -7.984194902443953e-14 0.04099999999996371
1806 -0.01700000000002977 -0.008500000000058485 0.05399999999992742
1807 -0.0255000000000065 -8.719110503039379e-14 0.0539999999999274
1808 -0.01850000000003656 -9.439627898788494e-14 0.06699999999996371
1809 -0.01550000000003115 0.01549999999995766 0.0409999999999637
1810 -0.01700000000002978 0.008499999999931002 0.05399999999992741
1811 -0.02550000000000652 0.01699999999994919 0.0539999999999274
1812 -0.01850000000003656 0.01849999999994886 0.0669999999999637
1813 -0.01700000000002978 0.02549999999996622 0.0539999999999274
1814 -7.984281638617752e-14 -0.01550000000003114 0.04099999999996371
1815 -8.719218923256628e-14 -0.02550000000000651 0.0539999999999274
1816 -0.008500000000058482 -0.01700000000002978 0.05399999999992743
1817 -9.439736319005741e-14 -0.01850000000003656 0.06699999999996371
1818 -7.984498479052249e-14 -7.984281638617752e-14 0.04099999999996369
1819 -8.719218923258776e-14 -0.008500000000058483 0.0539999999999274
1820 -0.008500000000058483 -8.71893703069393e-14 0.0539999999999274
1821 -9.440018211570589e-14 -9.439844739222991e-14 0.0669999999999637
1822 -7.984498479052249e-14 0.01549999999995766 0.0409999999999637
1823 -8.719414079649823e-14 0.008499999999930999 0.0539999999999274
1824 -0.00850000000005849 0.01699999999994919 0.05399999999992741
1825 -9.43993147539679e-14 0.01849999999994886 0.0669999999999637
1826 -8.719414079647675e-14 0.02549999999996621 0.0539999999999274
1827 0.01549999999995767 -0.01550000000003115 0.0409999999999637
1828 0.01699999999994919 -0.02550000000000652 0.0539999999999274
1829 0.008499999999931004 -0.01700000000002978 0.05399999999992741
1830 0.01849999999994887 -0.01850000000003657 0.0669999999999637
1831 0.01549999999995766 -7.98441174287845e-14 0.0409999999999637
1832 0.01699999999994919 -0.008500000000058489 0.05399999999992741
1833 0.008499999999930999 -8.719153871128427e-14 0.0539999999999274
1834 0.01849999999994886 -9.439888107309891e-14 0.06699999999996371
1835 0.01549999999995765 0.01549999999995766 0.04099999999996369
1836 0.01699999999994919 0.008499999999931 0.0539999999999274
1837 0.008499999999930993 0.01699999999994919 0.0539999999999274
1838 0.01849999999994885 0.01849999999994886 0.06699999999996369
1839 0.01699999999994918 0.02549999999996622 0.05399999999992739
1840 0.02549999999996622 -0.01700000000002978 0.0539999999999274
1841 0.02549999999996622 -8.719327343473876e-14 0.0539999999999274
1842 0.02549999999996621 0.01699999999994919 0.05399999999992739
$EndNodes
$Elements
576
1 16 2 1 1 1 53 325 81 56 334 335 84
2 16 2 1 1 81 325 326 82 335 336 337 85
3 16 2 1 1 82 326 327 83 337 338 339 86
4 16 2 1 1 83 327 60 2 339 340 63 87
5 16 2 1 1 53 54 328 325 57 341 342 334
6 16 2 1 1 325 328 329 326 342 343 344 336
7 16 2 1 1 326 329 330 327 344 345 346 338
8 16 2 1 1 327 330 61 60 346 347 64 340
9 16 2 1 1 54 55 331 328 58 348 349 341
10 16 2 1 1 328 331 332 329 349 350 351 343
11 16 2 1 1 329 332 333 330 351 352 353 345
12 16 2 1 1 330 333 62 61 353 354 65 347
13 16 2 1 1 55 3 88 331 59 91 355 348
14 16 2 1 1 331 88 89 332 355 92 356 350
15 16 2 1 1 332 89 90 333 356 93 357 352
16 16 2 1 1 333 90 4 62 357 94 66 354
17 16 2 1 2 5 67 358 95 70 367 368 98
18 16 2 1 2 95 358 359 96 368 369 370 99
19 16 2 1 2 96 359 360 97 370 371 372 100
20 16 2 1 2 97 360 74 6 372 373 77 101
21 16 2 1 2 67 68 361 358 71 374 375 367
22 16 2 1 2 358 361 362 359 375 376 377 369
23 16 2 1 2 359 362 363 360 377 378 379 371
24 16 2 1 2 360 363 75 74 379 380 78 373
25 16 2 1 2 68 69 364 361 72 381 382 374
26 16 2 1 2 361 364 365 362 382 383 384 376
27 16 2 1 2 362 365 366 363 384 385 386 378
28 16 2 1 2 363 366 76 75 386 387 79 380
29 16 2 1 2 69 7 102 364 73 105 388 381
30 16 2 1 2 364 102 103 365 388 106 389 383
31 16 2 1 2 365 103 104 366 389 107 390 385
32 16 2 1 2 366 104 8 76 390 108 80 387
33 16 2 1 3 1 25 391 81 28 400 401 84
34 16 2 1 3 81 391 392 82 401 402 403 85
35 16 2 1 3 82 392 393 83 403 404 405 86
36 16 2 1 3 83 393 32 2 405 406 35 87
37 16 2 1 3 25 26 394 391 29 407 408 400
38 16 2 1 3 391 394 395 392 408 409 410 402
39 16 2 1 3 392 395 396 393 410 411 412 404
40 16 2 1 3 393 396 33 32 412 413 36 406
41 16 2 1 3 26 27 397 394 30 414 415 407
42 16 2 1 3 394 397 398 395 415 416 417 409
43 16 2 1 3 395 398 399 396 417 418 419 411
44 16 2 1 3 396 399 34 33 419 420 37 413
45 16 2 1 3 27 5 95 397 31 98 421 414
46 16 2 1 3 397 95 96 398 421 99 422 416
47 16 2 1 3 398 96 97 399 422 100 423 418
48 16 2 1 3 399 97 6 34 423 101 38 420
49 16 2 1 4 3 39 424 88 42 433 434 91
50 16 2 1 4 88 424 425 89 434 435 436 92
51 16 2 1 4 89 425 426 90 436 437 438 93
52 16 2 1 4 90 426 46 4 438 439 49 94
53 16 2 1 4 39 40 427 424 43 440 441 433
54 16 2 1 4 424 427 428 425 441 442 443 435
55 16 2 1 4 425 428 429 426 443 444 445 437
56 16 2 1 4 426 429 47 46 445 446 50 439
57 16 2 1 4 40 41 430 427 44 447 448 440
58 16 2 1 4 427 430 431 428 448 449 450 442
59 16 2 1 4 428 431 432 429 450 451 452 444
60 16 2 1 4 429 432 48 47 452 453 51 446
61 16 2 1 4 41 7 102 430 45 105 454 447
62 16 2 1 4 430 102 103 431 454 106 455 449
63 16 2 1 4 431 103 104 432 455 107 456 451
64 16 2 1 4 432 104 8 48 456 108 52 453
65 16 2 1 5 1 25 457 53 28 466 467 56
66 16 2 1 5 53 457 458 54 467 468 469 57
67 16 2 1 5 54 458 459 55 469 470 471 58
68 16 2 1 5 55 459 39 3 471 472 42 59
69 16 2 1 5 25 26 460 457 29 473 474 466
70 16 2 1 5 457 460 461 458 474 475 476 468
71 16 2 1 5 458 461 462 459 476 477 478 470
72 16 2 1 5 459 462 40 39 478 479 43 472
73 16 2 1 5 26 27 463 460 30 480 481 473
74 16 2 1 5 460 463 464 461 481 482 483 475
75 16 2 1 5 461 464 465 462 483 484 485 477
76 16 2 1 5 462 465 41 40 485 486 44 479
77 16 2 1 5 27 5 67 463 31 70 487 480
78 16 2 1 5 463 67 68 464 487 71 488 482
79 16 2 1 5 464 68 69 465 488 72 489 484
80 16 2 1 5 465 69 7 41 489 73 45 486
81 16 2 1 6 2 32 490 60 35 499 500 63
82 16 2 1 6 60 490 491 61 500 501 502 64
83 16 2 1 6 61 491 492 62 502 503 504 65
84 16 2 1 6 62 492 46 4 504 505 49 66
85 16 2 1 6 32 33 493 490 36 506 507 499
86 16 2 1 6 490 493 494 491 507 508 509 501
87 16 2 1 6 491 494 495 492 509 510 511 503
88 16 2 1 6 492 495 47 46 511 512 50 505
89 16 2 1 6 33 34 496 493 37 513 514 506
90 16 2 1 6 493 496 497 494 514 515 516 508
91 16 2 1 6 494 497 498 495 516 517 518 510
92 16 2 1 6 495 498 48 47 518 519 51 512
93 16 2 1 6 34 6 74 496 38 77 520 513
94 16 2 1 6 496 74 75 497 520 78 521 515
95 16 2 1 6 497 75 76 498 521 79 522 517
96 16 2 1 6 498 76 8 48 522 80 52 519
97 16 2 2 13 17 221 721 249 224 730 731 252
98 16 2 2 13 249 721 722 250 731 732 733 253
99 16 2 2 13 250 722 723 251 733 734 735 254
100 16 2 2 13 251 723 228 18 735 736 231 255
101 16 2 2 13 221 222 724 721 225 737 738 730
102 16 2 2 13 721 724 725 722 738 739 740 732
103 16 2 2 13 722 725 726 723 740 741 742 734
104 16 2 2 13 723 726 229 228 742 743 232 736
105 16 2 2 13 222 223 727 724 226 744 745 737
106 16 2 2 13 724 727 728 725 745 746 747 739
107 16 2 2 13 725 728 729 726 747 748 749 741
108 16 2 2 13 726 729 230 229 749 750 233 743
109 16 2 2 13 223 19 256 727 227 259 751 744
110 16 2 2 13 727 256 257 728 751 260 752 746
111 16 2 2 13 728 257 258 729 752 261 753 748
112 16 2 2 13 729 258 20 230 753 262 234 750
113 16 2 2 14 21 235 754 263 238 763 764 266
114 16 2 2 14 263 754 755 264 764 765 766 267
115 16 2 2 14 264 755 756 265 766 767 768 268
116 16 2 2 14 265 756 242 22 768 769 245 269
117 16 2 2 14 235 236 757 754 239 770 771 763
118 16 2 2 14 754 757 758 755 771 772 773 765
119 16 2 2 14 755 758 759 756 773 774 775 767
120 16 2 2 14 756 759 243 242 775 776 246 769
121 16 2 2 14 236 237 760 757 240 777 778 770
122 16 2 2 14 757 760 761 758 778 779 780 772
123 16 2 2 14 758 761 762 759 780 781 782 774
124 16 2 2 14 759 762 244 243 782 783 247 776
125 16 2 2 14 237 23 270 760 241 273 784 777
126 16 2 2 14 760 270 271 761 784 274 785 779
127 16 2 2 14 761 271 272 762 785 275 786 781
128 16 2 2 14 762 272 24 244 786 276 248 783
129 16 2 2 15 17 193 787 249 196 796 797 252
130 16 2 2 15 249 787 788 250 797 798 799 253
131 16 2 2 15 250 788 789 251 799 800 801 254
132 16 2 2 15 251 789 200 18 801 802 203 255
133 16 2 2 15 193 194 790 787 197 803 804 796
134 16 2 2 15 787 790 791 788 804 805 806 798
135 16 2 2 15 788 791 792 789 806 807 808 800
136 16 2 2 15 789 792 201 200 808 809 204 802
137 16 2 2 15 194 195 793 790 198 810 811 803
138 16 2 2 15 790 793 794 791 811 812 813 805
139 16 2 2 15 791 794 795 792 813 814 815 807
140 16 2 2 15 792 795 202 201 815 816 205 809
141 16 2 2 15 195 21 263 793 199 266 817 810
142 16 2 2 15 793 263 264 794 817 267 818 812
143 16 2 2 15 794 264 265 795 818 268 819 814
144 16 2 2 15 795 265 22 202 819 269 206 816
145 16 2 2 16 19 207 820 256 210 829 830 259
146 16 2 2 16 256 820 821 257 830 831 832 260
147 16 2 2 16 257 821 822 258 832 833 834 261
148 16 2 2 16 258 822 214 20 834 835 217 262
149 16 2 2 16 207 208 823 820 211 836 837 829
150 16 2 2 16 820 823 824 821 837 838 839 831
151 16 2 2 16 821 824 825 822 839 840 841 833
152 16 2 2 16 822 825 215 214 841 842 218 835
153 16 2 2 16 208 209 826 823 212 843 844 836
154 16 2 2 16 823 826 827 824 844 845 846 838
155 16 2 2 16 824 827 828 825 846 847 848 840
156 16 2 2 16 825 828 216 215 848 849 219 842
157 16 2 2 16 209 23 270 826 213 273 850 843
158 16 2 2 16 826 270 271 827 850 274 851 845
159 16 2 2 16 827 271 272 828 851 275 852 847
160 16 2 2 16 828 272 24 216 852 276 220 849
161 16 2 3 17 17 193 853 221 196 862 863 224
162 16 2 3 17 221 853 854 222 863 864 865 225
163 16 2 3 17 222 854 855 223 865 866 867 226
164 16 2 3 17 223 855 207 19 867 868 210 227
165 16 2 3 17 193 194 856 853 197 869 870 862
166 16 2 3 17 853 856 857 854 870 871 872 864
167 16 2 3 17 854 857 858 855 872 873 874 866
168 16 2 3 17 855 858 208 207 874 875 211 868
169 16 2 3 17 194 195 859 856 198 876 877 869
170 16 2 3 17 856 859 860 857 877 878 879 871
171 16 2 3 17 857 860 861 858 879 880 881 873
172 16 2 3 17 858 861 209 208 881 882 212 875
173 16 2 3 17 195 21 235 859 199 238 883 876
174 16 2 3 17 859 235 236 860 883 239 884 878
175 16 2 3 17 860 236 237 861 884 240 885 880
176 16 2 3 17 861 237 23 209 885 241 213 882
177 16 2 4 18 18 200 886 228 203 895 896 231
178 16 2 4 18 228 886 887 229 896 897 898 232
179 16 2 4 18 229 887 888 230 898 899 900 233
180 16 2 4 18 230 888 214 20 900 901 217 234
181 16 2 4 18 200 201 889 886 204 902 903 895
182 16 2 4 18 886 889 890 887 903 904 905 897
183 16 2 4 18 887 890 891 888 905 906 907 899
184 16 2 4 18 888 891 215 214 907 908 218 901
185 16 2 4 18 201 202 892 889 205 909 910 902
186 16 2 4 18 889 892 893 890 910 911 912 904
187 16 2 4 18 890 893 894 891 912 913 914 906
188 16 2 4 18 891 894 216 215 914 915 219 908
189 16 2 4 18 202 22 242 892 206 245 916 909
190 16 2 4 18 892 242 243 893 916 246 917 911
191 16 2 4 18 893 243 244 894 917 247 918 913
192 16 2 4 18 894 244 24 216 918 248 220 915
193 17 2 1 1001 325 53 1 81 1231 919 277 958 334 335 1240 56 922 84 278 961 1241 1242 923 962
194 17 2 1 1001 1231 919 277 958 523 137 9 165 1241 1242 1243 923 924 962 279 963 532 533 140 168
195 17 2 1 1001 326 325 81 82 1232 1231 958 959 336 337 1244 335 1240 85 961 964 1245 1246 1242 965
196 17 2 1 1001 1232 1231 958 959 524 523 165 166 1245 1246 1247 1242 1243 965 963 966 534 535 533 169
197 17 2 1 1001 327 326 82 83 1233 1232 959 960 338 339 1248 337 1244 86 964 967 1249 1250 1246 968
198 17 2 1 1001 1233 1232 959 960 525 524 166 167 1249 1250 1251 1246 1247 968 966 969 536 537 535 170
199 17 2 1 1001 60 327 83 2 945 1233 960 280 340 63 948 339 1248 87 967 281 1252 949 1250 970
200 17 2 1 1001 945 1233 960 280 144 525 167 10 1252 949 950 1250 1251 970 969 282 538 147 537 171
201 17 2 1 1001 328 54 53 325 1234 920 919 1231 341 342 1253 57 925 334 922 1240 1254 1255 926 1241
202 17 2 1 1001 1234 920 919 1231 526 138 137 523 1254 1255 1256 926 927 1241 924 1243 539 540 141 532
203 17 2 1 1001 329 328 325 326 1235 1234 1231 1232 343 344 1257 342 1253 336 1240 1244 1258 1259 1255 1245
204 17 2 1 1001 1235 1234 1231 1232 527 526 523 524 1258 1259 1260 1255 1256 1245 1243 1247 541 542 540 534
205 17 2 1 1001 330 329 326 327 1236 1235 1232 1233 345 346 1261 344 1257 338 1244 1248 1262 1263 1259 1249
206 17 2 1 1001 1236 1235 1232 1233 528 527 524 525 1262 1263 1264 1259 1260 1249 1247 1251 543 544 542 536
207 17 2 1 1001 61 330 327 60 946 1236 1233 945 347 64 951 346 1261 340 1248 948 1265 952 1263 1252
208 17 2 1 1001 946 1236 1233 945 145 528 525 144 1265 952 953 1263 1264 1252 1251 950 545 148 544 538
209 17 2 1 1001 331 55 54 328 1237 921 920 1234 348 349 1266 58 928 341 925 1253 1267 1268 929 1254
210 17 2 1 1001 1237 921 920 1234 529 139 138 526 1267 1268 1269 929 930 1254 927 1256 546 547 142 539
211 17 2 1 1001 332 331 328 329 1238 1237 1234 1235 350 351 1270 349 1266 343 1253 1257 1271 1272 1268 1258
212 17 2 1 1001 1238 1237 1234 1235 530 529 526 527 1271 1272 1273 1268 1269 1258 1256 1260 548 549 547 541
213 17 2 1 1001 333 332 329 330 1239 1238 1235 1236 352 353 1274 351 1270 345 1257 1261 1275 1276 1272 1262
214 17 2 1 1001 1239 1238 1235 1236 531 530 527 528 1275 1276 1277 1272 1273 1262 1260 1264 550 551 549 543
215 17 2 1 1001 62 333 330 61 947 1239 1236 946 354 65 954 353 1274 347 1261 951 1278 955 1276 1265
216 17 2 1 1001 947 1239 1236 946 146 531 528 145 1278 955 956 1276 1277 1265 1264 953 552 149 551 545
217 17 2 1 1001 88 3 55 331 932 283 921 1237 91 355 935 59 284 348 928 1266 936 1279 931 1267
218 17 2 1 1001 932 283 921 1237 172 11 139 529 936 1279 937 931 285 1267 930 1269 175 553 143 546
219 17 2 1 1001 89 88 331 332 933 932 1237 1238 92 356 938 355 935 350 1266 1270 939 1280 1279 1271
220 17 2 1 1001 933 932 1237 1238 173 172 529 530 939 1280 940 1279 937 1271 1269 1273 176 554 553 548
221 17 2 1 1001 90 89 332 333 934 933 1238 1239 93 357 941 356 938 352 1270 1274 942 1281 1280 1275
222 17 2 1 1001 934 933 1238 1239 174 173 530 531 942 1281 943 1280 940 1275 1273 1277 177 555 554 550
223 17 2 1 1001 4 90 333 62 286 934 1239 947 94 66 287 357 941 354 1274 954 944 957 1281 1278
224 17 2 1 1001 286 934 1239 947 12 174 531 146 944 957 288 1281 943 1278 1277 956 178 150 555 552
225 17 2 1 1002 5 67 358 95 289 971 1282 1010 70 98 290 367 974 368 1291 1013 975 1014 1292 1293
226 17 2 1 1002 289 971 1282 1010 13 151 556 179 975 1014 291 1292 976 1293 1294 1015 154 182 565 566
227 17 2 1 1002 95 358 359 96 1010 1282 1283 1011 368 99 1013 369 1291 370 1295 1016 1293 1017 1296 1297
228 17 2 1 1002 1010 1282 1283 1011 179 556 557 180 1293 1017 1015 1296 1294 1297 1298 1018 566 183 567 568
229 17 2 1 1002 96 359 360 97 1011 1283 1284 1012 370 100 1016 371 1295 372 1299 1019 1297 1020 1300 1301
230 17 2 1 1002 1011 1283 1284 1012 180 557 558 181 1297 1020 1018 1300 1298 1301 1302 1021 568 184 569 570
231 17 2 1 1002 97 360 74 6 1012 1284 997 292 372 101 1019 373 1299 77 1000 293 1301 1022 1303 1001
232 17 2 1 1002 1012 1284 997 292 181 558 158 14 1301 1022 1021 1303 1302 1001 1002 294 570 185 571 161
233 17 2 1 1002 67 68 361 358 971 972 1285 1282 71 367 974 374 977 375 1304 1291 978 1292 1305 1306
234 17 2 1 1002 971 972 1285 1282 151 152 559 556 978 1292 976 1305 979 1306 1307 1294 155 565 572 573
235 17 2 1 1002 358 361 362 359 1282 1285 1286 1283 375 369 1291 376 1304 377 1308 1295 1306 1296 1309 1310
236 17 2 1 1002 1282 1285 1286 1283 556 559 560 557 1306 1296 1294 1309 1307 1310 1311 1298 573 567 574 575
237 17 2 1 1002 359 362 363 360 1283 1286 1287 1284 377 371 1295 378 1308 379 1312 1299 1310 1300 1313 1314
238 17 2 1 1002 1283 1286 1287 1284 557 560 561 558 1310 1300 1298 1313 1311 1314 1315 1302 575 569 576 577
239 17 2 1 1002 360 363 75 74 1284 1287 998 997 379 373 1299 380 1312 78 1003 1000 1314 1303 1316 1004
240 17 2 1 1002 1284 1287 998 997 558 561 159 158 1314 1303 1302 1316 1315 1004 1005 1002 577 571 578 162
241 17 2 1 1002 68 69 364 361 972 973 1288 1285 72 374 977 381 980 382 1317 1304 981 1305 1318 1319
242 17 2 1 1002 972 973 1288 1285 152 153 562 559 981 1305 979 1318 982 1319 1320 1307 156 572 579 580
243 17 2 1 1002 361 364 365 362 1285 1288 1289 1286 382 376 1304 383 1317 384 1321 1308 1319 1309 1322 1323
244 17 2 1 1002 1285 1288 1289 1286 559 562 563 560 1319 1309 1307 1322 1320 1323 1324 1311 580 574 581 582
245 17 2 1 1002 362 365 366 363 1286 1289 1290 1287 384 378 1308 385 1321 386 1325 1312 1323 1313 1326 1327
246 17 2 1 1002 1286 1289 1290 1287 560 563 564 561 1323 1313 1311 1326 1324 1327 1328 1315 582 576 583 584
247 17 2 1 1002 363 366 76 75 1287 1290 999 998 386 380 1312 387 1325 79 1006 1003 1327 1316 1329 1007
248 17 2 1 1002 1287 1290 999 998 561 564 160 159 1327 1316 1315 1329 1328 1007 1008 1005 584 578 585 163
249 17 2 1 1002 69 7 102 364 973 295 984 1288 73 381 980 105 296 388 987 1317 983 1318 988 1330
250 17 2 1 1002 973 295 984 1288 153 15 186 562 983 1318 982 988 297 1330 989 1320 157 579 189 586
251 17 2 1 1002 364 102 103 365 1288 984 985 1289 388 383 1317 106 987 389 990 1321 1330 1322 991 1331
252 17 2 1 1002 1288 984 985 1289 562 186 187 563 1330 1322 1320 991 989 1331 992 1324 586 581 190 587
253 17 2 1 1002 365 103 104 366 1289 985 986 1290 389 385 1321 107 990 390 993 1325 1331 1326 994 1332
254 17 2 1 1002 1289 985 986 1290 563 187 188 564 1331 1326 1324 994 992 1332 995 1328 587 583 191 588
255 17 2 1 1002 366 104 8 76 1290 986 298 999 390 387 1325 108 993 80 299 1006 1332 1329 996 1009
256 17 2 1 1002 1290 986 298 999 564 188 16 160 1332 1329 1328 996 995 1009 300 1008 588 585 192 164
257 17 2 1 1003 1 25 391 81 277 1023 1333 958 28 84 278 400 1026 401 1342 961 1027 962 1343 1344
258 17 2 1 1003 277 1023 1333 958 9 109 589 165 1027 962 279 1343 1028 1344 1345 963 112 168 598 599
259 17 2 1 1003 81 391 392 82 958 1333 1334 959 401 85 961 402 1342 403 1346 964 1344 965 1347 1348
260 17 2 1 1003 958 1333 1334 959 165 589 590 166 1344 965 963 1347 1345 1348 1349 966 599 169 600 601
261 17 2 1 1003 82 392 393 83 959 1334 1335 960 403 86 964 404 1346 405 1350 967 1348 968 1351 1352
262 17 2 1 1003 959 1334 1335 960 166 590 591 167 1348 968 966 1351 1349 1352 1353 969 601 170 602 603
263 17 2 1 1003 83 393 32 2 960 1335 1036 280 405 87 967 406 1350 35 1039 281 1352 970 1354 1040
264 17 2 1 1003 960 1335 1036 280 167 591 116 10 1352 970 969 1354 1353 1040 1041 282 603 171 604 119
265 17 2 1 1003 25 26 394 391 1023 1024 1336 1333 29 400 1026 407 1029 408 1355 1342 1030 1343 1356 1357
266 17 2 1 1003 1023 1024 1336 1333 109 110 592 589 1030 1343 1028 1356 1031 1357 1358 1345 113 598 605 606
267 17 2 1 1003 391 394 395 392 1333 1336 1337 1334 408 402 1342 409 1355 410 1359 1346 1357 1347 1360 1361
268 17 2 1 1003 1333 1336 1337 1334 589 592 593 590 1357 1347 1345 1360 1358 1361 1362 1349 606 600 607 608
269 17 2 1 1003 392 395 396 393 1334 1337 1338 1335 410 404 1346 411 1359 412 1363 1350 1361 1351 1364 1365
270 17 2 1 1003 1334 1337 1338 1335 590 593 594 591 1361 1351 1349 1364 1362 1365 1366 1353 608 602 609 610
271 17 2 1 1003 393 396 33 32 1335 1338 1037 1036 412 406 1350 413 1363 36 1042 1039 1365 1354 1367 1043
272 17 2 1 1003 1335 1338 1037 1036 591 594 117 116 1365 1354 1353 1367 1366 1043 1044 1041 610 604 611 120
273 17 2 1 1003 26 27 397 394 1024 1025 1339 1336 30 407 1029 414 1032 415 1368 1355 1033 1356 1369 1370
274 17 2 1 1003 1024 1025 1339 1336 110 111 595 592 1033 1356 1031 1369 1034 1370 1371 1358 114 605 612 613
275 17 2 1 1003 394 397 398 395 1336 1339 1340 1337 415 409 1355 416 1368 417 1372 1359 1370 1360 1373 1374
276 17 2 1 1003 1336 1339 1340 1337 592 595 596 593 1370 1360 1358 1373 1371 1374 1375 1362 613 607 614 615
277 17 2 1 1003 395 398 399 396 1337 1340 1341 1338 417 411 1359 418 1372 419 1376 1363 1374 1364 1377 1378
278 17 2 1 1003 1337 1340 1341 1338 593 596 597 594 1374 1364 1362 1377 1375 1378 1379 1366 615 609 616 617
279 17 2 1 1003 396 399 34 33 1338 1341 1038 1037 419 413 1363 420 1376 37 1045 1042 1378 1367 1380 1046
280 17 2 1 1003 1338 1341 1038 1037 594 597 118 117 1378 1367 1366 1380 1379 1046 1047 1044 617 611 618 121
281 17 2 1 1003 27 5 95 397 1025 289 1010 1339 31 414 1032 98 290 421 1013 1368 1035 1369 1014 1381
282 17 2 1 1003 1025 289 1010 1339 111 13 179 595 1035 1369 1034 1014 291 1381 1015 1371 115 612 182 619
283 17 2 1 1003 397 95 96 398 1339 1010 1011 1340 421 416 1368 99 1013 422 1016 1372 1381 1373 1017 1382
284 17 2 1 1003 1339 1010 1011 1340 595 179 180 596 1381 1373 1371 1017 1015 1382 1018 1375 619 614 183 620
285 17 2 1 1003 398 96 97 399 1340 1011 1012 1341 422 418 1372 100 1016 423 1019 1376 1382 1377 1020 1383
286 17 2 1 1003 1340 1011 1012 1341 596 180 181 597 1382 1377 1375 1020 1018 1383 1021 1379 620 616 184 621
287 17 2 1 1003 399 97 6 34 1341 1012 292 1038 423 420 1376 101 1019 38 293 1045 1383 1380 1022 1048
288 17 2 1 1003 1341 1012 292 1038 597 181 14 118 1383 1380 1379 1022 1021 1048 294 1047 621 618 185 122
289 17 2 1 1004 424 39 3 88 1384 1049 283 932 433 434 1393 42 1052 91 284 935 1394 1395 1053 936
290 17 2 1 1004 1384 1049 283 932 622 123 11 172 1394 1395 1396 1053 1054 936 285 937 631 632 126 175
291 17 2 1 1004 425 424 88 89 1385 1384 932 933 435 436 1397 434 1393 92 935 938 1398 1399 1395 939
292 17 2 1 1004 1385 1384 932 933 623 622 172 173 1398 1399 1400 1395 1396 939 937 940 633 634 632 176
293 17 2 1 1004 426 425 89 90 1386 1385 933 934 437 438 1401 436 1397 93 938 941 1402 1403 1399 942
294 17 2 1 1004 1386 1385 933 934 624 623 173 174 1402 1403 1404 1399 1400 942 940 943 635 636 634 177
295 17 2 1 1004 46 426 90 4 1062 1386 934 286 439 49 1065 438 1401 94 941 287 1405 1066 1403 944
296 17 2 1 1004 1062 1386 934 286 130 624 174 12 1405 1066 1067 1403 1404 944 943 288 637 133 636 178
297 17 2 1 1004 427 40 39 424 1387 1050 1049 1384 440 441 1406 43 1055 433 1052 1393 1407 1408 1056 1394
298 17 2 1 1004 1387 1050 1049 1384 625 124 123 622 1407 1408 1409 1056 1057 1394 1054 1396 638 639 127 631
299 17 2 1 1004 428 427 424 425 1388 1387 1384 1385 442 443 1410 441 1406 435 1393 1397 1411 1412 1408 1398
300 17 2 1 1004 1388 1387 1384 1385 626 625 622 623 1411 1412 1413 1408 1409 1398 1396 1400 640 641 639 633
301 17 2 1 1004 429 428 425 426 1389 1388 1385 1386 444 445 1414 443 1410 437 1397 1401 1415 1416 1412 1402
302 17 2 1 1004 1389 1388 1385 1386 627 626 623 624 1415 1416 1417 1412 1413 1402 1400 1404 642 643 641 635
303 17 2 1 1004 47 429 426 46 1063 1389 1386 1062 446 50 1068 445 1414 439 1401 1065 1418 1069 1416 1405
304 17 2 1 1004 1063 1389 1386 1062 131 627 624 130 1418 1069 1070 1416 1417 1405 1404 1067 644 134 643 637
305 17 2 1 1004 430 41 40 427 1390 1051 1050 1387 447 448 1419 44 1058 440 1055 1406 1420 1421 1059 1407
306 17 2 1 1004 1390 1051 1050 1387 628 125 124 625 1420 1421 1422 1059 1060 1407 1057 1409 645 646 128 638
307 17 2 1 1004 431 430 427 428 1391 1390 1387 1388 449 450 1423 448 1419 442 1406 1410 1424 1425 1421 1411
308 17 2 1 1004 1391 1390 1387 1388 629 628 625 626 1424 1425 1426 1421 1422 1411 1409 1413 647 648 646 640
309 17 2 1 1004 432 431 428 429 1392 1391 1388 1389 451 452 1427 450 1423 444 1410 1414 1428 1429 1425 1415
310 17 2 1 1004 1392 1391 1388 1389 630 629 626 627 1428 1429 1430 1425 1426 1415 1413 1417 649 650 648 642
311 17 2 1 1004 48 432 429 47 1064 1392 1389 1063 453 51 1071 452 1427 446 1414 1068 1431 1072 1429 1418
312 17 2 1 1004 1064 1392 1389 1063 132 630 627 131 1431 1072 1073 1429 1430 1418 1417 1070 651 135 650 644
313 17 2 1 1004 102 7 41 430 984 295 1051 1390 105 454 987 45 296 447 1058 1419 988 1432 1061 1420
314 17 2 1 1004 984 295 1051 1390 186 15 125 628 988 1432 989 1061 297 1420 1060 1422 189 652 129 645
315 17 2 1 1004 103 102 430 431 985 984 1390 1391 106 455 990 454 987 449 1419 1423 991 1433 1432 1424
316 17 2 1 1004 985 984 1390 1391 187 186 628 629 991 1433 992 1432 989 1424 1422 1426 190 653 652 647
317 17 2 1 1004 104 103 431 432 986 985 1391 1392 107 456 993 455 990 451 1423 1427 994 1434 1433 1428
318 17 2 1 1004 986 985 1391 1392 188 187 629 630 994 1434 995 1433 992 1428 1426 1430 191 654 653 649
319 17 2 1 1004 8 104 432 48 298 986 1392 1064 108 52 299 456 993 453 1427 1071 996 1074 1434 1431
320 17 2 1 1004 298 986 1392 1064 16 188 630 132 996 1074 300 1434 995 1431 1430 1073 192 136 654 651
321 17 2 1 1005 457 25 1 53 1435 1023 277 919 466 467 1444 28 1026 56 278 922 1445 1446 1027 923
322 17 2 1 1005 1435 1023 277 919 655 109 9 137 1445 1446 1447 1027 1028 923 279 924 664 665 112 140
323 17 2 1 1005 458 457 53 54 1436 1435 919 920 468 469 1448 467 1444 57 922 925 1449 1450 1446 926
324 17 2 1 1005 1436 1435 919 920 656 655 137 138 1449 1450 1451 1446 1447 926 924 927 666 667 665 141
325 17 2 1 1005 459 458 54 55 1437 1436 920 921 470 471 1452 469 1448 58 925 928 1453 1454 1450 929
326 17 2 1 1005 1437 1436 920 921 657 656 138 139 1453 1454 1455 1450 1451 929 927 930 668 669 667 142
327 17 2 1 1005 39 459 55 3 1049 1437 921 283 472 42 1052 471 1452 59 928 284 1456 1053 1454 931
328 17 2 1 1005 1049 1437 921 283 123 657 139 11 1456 1053 1054 1454 1455 931 930 285 670 126 669 143
329 17 2 1 1005 460 26 25 457 1438 1024 1023 1435 473 474 1457 29 1029 466 1026 1444 1458 1459 1030 1445
330 17 2 1 1005 1438 1024 1023 1435 658 110 109 655 1458 1459 1460 1030 1031 1445 1028 1447 671 672 113 664
331 17 2 1 1005 461 460 457 458 1439 1438 1435 1436 475 476 1461 474 1457 468 1444 1448 1462 1463 1459 1449
332 17 2 1 1005 1439 1438 1435 1436 659 658 655 656 1462 1463 1464 1459 1460 1449 1447 1451 673 674 672 666
333 17 2 1 1005 462 461 458 459 1440 1439 1436 1437 477 478 1465 476 1461 470 1448 1452 1466 1467 1463 1453
334 17 2 1 1005 1440 1439 1436 1437 660 659 656 657 1466 1467 1468 1463 1464 1453 1451 1455 675 676 674 668
335 17 2 1 1005 40 462 459 39 1050 1440 1437 1049 479 43 1055 478 1465 472 1452 1052 1469 1056 1467 1456
336 17 2 1 1005 1050 1440 1437 1049 124 660 657 123 1469 1056 1057 1467 1468 1456 1455 1054 677 127 676 670
337 17 2 1 1005 463 27 26 460 1441 1025 1024 1438 480 481 1470 30 1032 473 1029 1457 1471 1472 1033 1458
338 17 2 1 1005 1441 1025 1024 1438 661 111 110 658 1471 1472 1473 1033 1034 1458 1031 1460 678 679 114 671
339 17 2 1 1005 464 463 460 461 1442 1441 1438 1439 482 483 1474 481 1470 475 1457 1461 1475 1476 1472 1462
340 17 2 1 1005 1442 1441 1438 1439 662 661 658 659 1475 1476 1477 1472 1473 1462 1460 1464 680 681 679 673
341 17 2 1 1005 465 464 461 462 1443 1442 1439 1440 484 485 1478 483 1474 477 1461 1465 1479 1480 1476 1466
342 17 2 1 1005 1443 1442 1439 1440 663 662 659 660 1479 1480 1481 1476 1477 1466 1464 1468 682 683 681 675
343 17 2 1 1005 41 465 462 40 1051 1443 1440 1050 486 44 1058 485 1478 479 1465 1055 1482 1059 1480 1469
344 17 2 1 1005 1051 1443 1440 1050 125 663 660 124 1482 1059 1060 1480 1481 1469 1468 1057 684 128 683 677
345 17 2 1 1005 67 5 27 463 971 289 1025 1441 70 487 974 31 290 480 1032 1470 975 1483 1035 1471
346 17 2 1 1005 971 289 1025 1441 151 13 111 661 975 1483 976 1035 291 1471 1034 1473 154 685 115 678
347 17 2 1 1005 68 67 463 464 972 971 1441 1442 71 488 977 487 974 482 1470 1474 978 1484 1483 1475
348 17 2 1 1005 972 971 1441 1442 152 151 661 662 978 1484 979 1483 976 1475 1473 1477 155 686 685 680
349 17 2 1 1005 69 68 464 465 973 972 1442 1443 72 489 980 488 977 484 1474 1478 981 1485 1484 1479
350 17 2 1 1005 973 972 1442 1443 153 152 662 663 981 1485 982 1484 979 1479 1477 1481 156 687 686 682
351 17 2 1 1005 7 69 465 41 295 973 1443 1051 73 45 296 489 980 486 1478 1058 983 1061 1485 1482
352 17 2 1 1005 295 973 1443 1051 15 153 663 125 983 1061 297 1485 982 1482 1481 1060 157 129 687 684
353 17 2 1 1006 2 32 490 60 280 1036 1486 945 35 63 281 499 1039 500 1495 948 1040 949 1496 1497
354 17 2 1 1006 280 1036 1486 945 10 116 688 144 1040 949 282 1496 1041 1497 1498 950 119 147 697 698
355 17 2 1 1006 60 490 491 61 945 1486 1487 946 500 64 948 501 1495 502 1499 951 1497 952 1500 1501
356 17 2 1 1006 945 1486 1487 946 144 688 689 145 1497 952 950 1500 1498 1501 1502 953 698 148 699 700
357 17 2 1 1006 61 491 492 62 946 1487 1488 947 502 65 951 503 1499 504 1503 954 1501 955 1504 1505
358 17 2 1 1006 946 1487 1488 947 145 689 690 146 1501 955 953 1504 1502 1505 1506 956 700 149 701 702
359 17 2 1 1006 62 492 46 4 947 1488 1062 286 504 66 954 505 1503 49 1065 287 1505 957 1507 1066
360 17 2 1 1006 947 1488 1062 286 146 690 130 12 1505 957 956 1507 1506 1066 1067 288 702 150 703 133
361 17 2 1 1006 32 33 493 490 1036 1037 1489 1486 36 499 1039 506 1042 507 1508 1495 1043 1496 1509 1510
362 17 2 1 1006 1036 1037 1489 1486 116 117 691 688 1043 1496 1041 1509 1044 1510 1511 1498 120 697 704 705
363 17 2 1 1006 490 493 494 491 1486 1489 1490 1487 507 501 1495 508 1508 509 1512 1499 1510 1500 1513 1514
364 17 2 1 1006 1486 1489 1490 1487 688 691 692 689 1510 1500 1498 1513 1511 1514 1515 1502 705 699 706 707
365 17 2 1 1006 491 494 495 492 1487 1490 1491 1488 509 503 1499 510 1512 511 1516 1503 1514 1504 1517 1518
366 17 2 1 1006 1487 1490 1491 1488 689 692 693 690 1514 1504 1502 1517 1515 1518 1519 1506 707 701 708 709
367 17 2 1 1006 492 495 47 46 1488 1491 1063 1062 511 505 1503 512 1516 50 1068 1065 1518 1507 1520 1069
368 17 2 1 1006 1488 1491 1063 1062 690 693 131 130 1518 1507 1506 1520 1519 1069 1070 1067 709 703 710 134
369 17 2 1 1006 33 34 496 493 1037 1038 1492 1489 37 506 1042 513 1045 514 1521 1508 1046 1509 1522 1523
370 17 2 1 1006 1037 1038 1492 1489 117 118 694 691 1046 1509 1044 1522 1047 1523 1524 1511 121 704 711 712
371 17 2 1 1006 493 496 497 494 1489 1492 1493 1490 514 508 1508 515 1521 516 1525 1512 1523 1513 1526 1527
372 17 2 1 1006 1489 1492 1493 1490 691 694 695 692 1523 1513 1511 1526 1524 1527 1528 1515 712 706 713 714
373 17 2 1 1006 494 497 498 495 1490 1493 1494 1491 516 510 1512 517 1525 518 1529 1516 1527 1517 1530 1531
374 17 2 1 1006 1490 1493 1494 1491 692 695 696 693 1527 1517 1515 1530 1528 1531 1532 1519 714 708 715 716
375 17 2 1 1006 495 498 48 47 1491 1494 1064 1063 518 512 1516 519 1529 51 1071 1068 1531 1520 1533 1072
376 17 2 1 1006 1491 1494 1064 1063 693 696 132 131 1531 1520 1519 1533 1532 1072 1073 1070 716 710 717 135
377 17 2 1 1006 34 6 74 496 1038 292 997 1492 38 513 1045 77 293 520 1000 1521 1048 1522 1001 1534
378 17 2 1 1006 1038 292 997 1492 118 14 158 694 1048 1522 1047 1001 294 1534 1002 1524 122 711 161 718
379 17 2 1 1006 496 74 75 497 1492 997 998 1493 520 515 1521 78 1000 521 1003 1525 1534 1526 1004 1535
380 17 2 1 1006 1492 997 998 1493 694 158 159 695 1534 1526 1524 1004 1002 1535 1005 1528 718 713 162 719
381 17 2 1 1006 497 75 76 498 1493 998 999 1494 521 517 1525 79 1003 522 1006 1529 1535 1530 1007 1536
382 17 2 1 1006 1493 998 999 1494 695 159 160 696 1535 1530 1528 1007 1005 1536 1008 1532 719 715 163 720
383 17 2 1 1006 498 76 8 48 1494 999 298 1064 522 519 1529 80 1006 52 299 1071 1536 1533 1009 1074
384 17 2 1 1006 1494 999 298 1064 696 160 16 132 1536 1533 1532 1009 1008 1074 300 1073 720 717 164 136
385 17 2 1 2007 523 137 9 165 1537 1075 301 1114 532 533 1546 140 1078 168 302 1117 1547 1548 1079 1118
386 17 2 1 2007 1537 1075 301 1114 721 221 17 249 1547 1548 1549 1079 1080 1118 303 1119 730 731 224 252
387 17 2 1 2007 524 523 165 166 1538 1537 1114 1115 534 535 1550 533 1546 169 1117 1120 1551 1552 1548 1121
388 17 2 1 2007 1538 1537 1114 1115 722 721 249 250 1551 1552 1553 1548 1549 1121 1119 1122 732 733 731 253
389 17 2 1 2007 525 524 166 167 1539 1538 1115 1116 536 537 1554 535 1550 170 1120 1123 1555 1556 1552 1124
390 17 2 1 2007 1539 1538 1115 1116 723 722 250 251 1555 1556 1557 1552 1553 1124 1122 1125 734 735 733 254
391 17 2 1 2007 144 525 167 10 1101 1539 1116 304 538 147 1104 537 1554 171 1123 305 1558 1105 1556 1126
392 17 2 1 2007 1101 1539 1116 304 228 723 251 18 1558 1105 1106 1556 1557 1126 1125 306 736 231 735 255
393 17 2 1 2007 526 138 137 523 1540 1076 1075 1537 539 540 1559 141 1081 532 1078 1546 1560 1561 1082 1547
394 17 2 1 2007 1540 1076 1075 1537 724 222 221 721 1560 1561 1562 1082 1083 1547 1080 1549 737 738 225 730
395 17 2 1 2007 527 526 523 524 1541 1540 1537 1538 541 542 1563 540 1559 534 1546 1550 1564 1565 1561 1551
396 17 2 1 2007 1541 1540 1537 1538 725 724 721 722 1564 1565 1566 1561 1562 1551 1549 1553 739 740 738 732
397 17 2 1 2007 528 527 524 525 1542 1541 1538 1539 543 544 1567 542 1563 536 1550 1554 1568 1569 1565 1555
398 17 2 1 2007 1542 1541 1538 1539 726 725 722 723 1568 1569 1570 1565 1566 1555 1553 1557 741 742 740 734
399 17 2 1 2007 145 528 525 144 1102 1542 1539 1101 545 148 1107 544 1567 538 1554 1104 1571 1108 1569 1558
400 17 2 1 2007 1102 1542 1539 1101 229 726 723 228 1571 1108 1109 1569 1570 1558 1557 1106 743 232 742 736
401 17 2 1 2007 529 139 138 526 1543 1077 1076 1540 546 547 1572 142 1084 539 1081 1559 1573 1574 1085 1560
402 17 2 1 2007 1543 1077 1076 1540 727 223 222 724 1573 1574 1575 1085 1086 1560 1083 1562 744 745 226 737
403 17 2 1 2007 530 529 526 527 1544 1543 1540 1541 548 549 1576 547 1572 541 1559 1563 1577 1578 1574 1564
404 17 2 1 2007 1544 1543 1540 1541 728 727 724 725 1577 1578 1579 1574 1575 1564 1562 1566 746 747 745 739
405 17 2 1 2007 531 530 527 528 1545 1544 1541 1542 550 551 1580 549 1576 543 1563 1567 1581 1582 1578 1568
406 17 2 1 2007 1545 1544 1541 1542 729 728 725 726 1581 1582 1583 1578 1579 1568 1566 1570 748 749 747 741
407 17 2 1 2007 146 531 528 145 1103 1545 1542 1102 552 149 1110 551 1580 545 1567 1107 1584 1111 1582 1571
408 17 2 1 2007 1103 1545 1542 1102 230 729 726 229 1584 1111 1112 1582 1583 1571 1570 1109 750 233 749 743
409 17 2 1 2007 172 11 139 529 1088 307 1077 1543 175 553 1091 143 308 546 1084 1572 1092 1585 1087 1573
410 17 2 1 2007 1088 307 1077 1543 256 19 223 727 1092 1585 1093 1087 309 1573 1086 1575 259 751 227 744
411 17 2 1 2007 173 172 529 530 1089 1088 1543 1544 176 554 1094 553 1091 548 1572 1576 1095 1586 1585 1577
412 17 2 1 2007 1089 1088 1543 1544 257 256 727 728 1095 1586 1096 1585 1093 1577 1575 1579 260 752 751 746
413 17 2 1 2007 174 173 530 531 1090 1089 1544 1545 177 555 1097 554 1094 550 1576 1580 1098 1587 1586 1581
414 17 2 1 2007 1090 1089 1544 1545 258 257 728 729 1098 1587 1099 1586 1096 1581 1579 1583 261 753 752 748
415 17 2 1 2007 12 174 531 146 310 1090 1545 1103 178 150 311 555 1097 552 1580 1110 1100 1113 1587 1584
416 17 2 1 2007 310 1090 1545 1103 20 258 729 230 1100 1113 312 1587 1099 1584 1583 1112 262 234 753 750
417 17 2 1 2008 13 151 556 179 313 1127 1588 1166 154 182 314 565 1130 566 1597 1169 1131 1170 1598 1599
418 17 2 1 2008 313 1127 1588 1166 21 235 754 263 1131 1170 315 1598 1132 1599 1600 1171 238 266 763 764
419 17 2 1 2008 179 556 557 180 1166 1588 1589 1167 566 183 1169 567 1597 568 1601 1172 1599 1173 1602 1603
420 17 2 1 2008 1166 1588 1589 1167 263 754 755 264 1599 1173 1171 1602 1600 1603 1604 1174 764 267 765 766
421 17 2 1 2008 180 557 558 181 1167 1589 1590 1168 568 184 1172 569 1601 570 1605 1175 1603 1176 1606 1607
422 17 2 1 2008 1167 1589 1590 1168 264 755 756 265 1603 1176 1174 1606 1604 1607 1608 1177 766 268 767 768
423 17 2 1 2008 181 558 158 14 1168 1590 1153 316 570 185 1175 571 1605 161 1156 317 1607 1178 1609 1157
424 17 2 1 2008 1168 1590 1153 316 265 756 242 22 1607 1178 1177 1609 1608 1157 1158 318 768 269 769 245
425 17 2 1 2008 151 152 559 556 1127 1128 1591 1588 155 565 1130 572 1133 573 1610 1597 1134 1598 1611 1612
426 17 2 1 2008 1127 1128 1591 1588 235 236 757 754 1134 1598 1132 1611 1135 1612 1613 1600 239 763 770 771
427 17 2 1 2008 556 559 560 557 1588 1591 1592 1589 573 567 1597 574 1610 575 1614 1601 1612 1602 1615 1616
428 17 2 1 2008 1588 1591 1592 1589 754 757 758 755 1612 1602 1600 1615 1613 1616 1617 1604 771 765 772 773
429 17 2 1 2008 557 560 561 558 1589 1592 1593 1590 575 569 1601 576 1614 577 1618 1605 1616 1606 1619 1620
430 17 2 1 2008 1589 1592 1593 1590 755 758 759 756 1616 1606 1604 1619 1617 1620 1621 1608 773 767 774 775
431 17 2 1 2008 558 561 159 158 1590 1593 1154 1153 577 571 1605 578 1618 162 1159 1156 1620 1609 1622 1160
432 17 2 1 2008 1590 1593 1154 1153 756 759 243 242 1620 1609 1608 1622 1621 1160 1161 1158 775 769 776 246
433 17 2 1 2008 152 153 562 559 1128 1129 1594 1591 156 572 1133 579 1136 580 1623 1610 1137 1611 1624 1625
434 17 2 1 2008 1128 1129 1594 1591 236 237 760 757 1137 1611 1135 1624 1138 1625 1626 1613 240 770 777 778
435 17 2 1 2008 559 562 563 560 1591 1594 1595 1592 580 574 1610 581 1623 582 1627 1614 1625 1615 1628 1629
436 17 2 1 2008 1591 1594 1595 1592 757 760 761 758 1625 1615 1613 1628 1626 1629 1630 1617 778 772 779 780
437 17 2 1 2008 560 563 564 561 1592 1595 1596 1593 582 576 1614 583 1627 584 1631 1618 1629 1619 1632 1633
438 17 2 1 2008 1592 1595 1596 1593 758 761 762 759 1629 1619 1617 1632 1630 1633 1634 1621 780 774 781 782
439 17 2 1 2008 561 564 160 159 1593 1596 1155 1154 584 578 1618 585 1631 163 1162 1159 1633 1622 1635 1163
440 17 2 1 2008 1593 1596 1155 1154 759 762 244 243 1633 1622 1621 1635 1634 1163 1164 1161 782 776 783 247
441 17 2 1 2008 153 15 186 562 1129 319 1140 1594 157 579 1136 189 320 586 1143 1623 1139 1624 1144 1636
442 17 2 1 2008 1129 319 1140 1594 237 23 270 760 1139 1624 1138 1144 321 1636 1145 1626 241 777 273 784
443 17 2 1 2008 562 186 187 563 1594 1140 1141 1595 586 581 1623 190 1143 587 1146 1627 1636 1628 1147 1637
444 17 2 1 2008 1594 1140 1141 1595 760 270 271 761 1636 1628 1626 1147 1145 1637 1148 1630 784 779 274 785
445 17 2 1 2008 563 187 188 564 1595 1141 1142 1596 587 583 1627 191 1146 588 1149 1631 1637 1632 1150 1638
446 17 2 1 2008 1595 1141 1142 1596 761 271 272 762 1637 1632 1630 1150 1148 1638 1151 1634 785 781 275 786
447 17 2 1 2008 564 188 16 160 1596 1142 322 1155 588 585 1631 192 1149 164 323 1162 1638 1635 1152 1165
448 17 2 1 2008 1596 1142 322 1155 762 272 24 244 1638 1635 1634 1152 1151 1165 324 1164 786 783 276 248
449 17 2 1 2009 9 109 589 165 301 1179 1639 1114 112 168 302 598 1182 599 1648 1117 1183 1118 1649 1650
450 17 2 1 2009 301 1179 1639 1114 17 193 787 249 1183 1118 303 1649 1184 1650 1651 1119 196 252 796 797
451 17 2 1 2009 165 589 590 166 1114 1639 1640 1115 599 169 1117 600 1648 601 1652 1120 1650 1121 1653 1654
452 17 2 1 2009 1114 1639 1640 1115 249 787 788 250 1650 1121 1119 1653 1651 1654 1655 1122 797 253 798 799
453 17 2 1 2009 166 590 591 167 1115 1640 1641 1116 601 170 1120 602 1652 603 1656 1123 1654 1124 1657 1658
454 17 2 1 2009 1115 1640 1641 1116 250 788 789 251 1654 1124 1122 1657 1655 1658 1659 1125 799 254 800 801
455 17 2 1 2009 167 591 116 10 1116 1641 1192 304 603 171 1123 604 1656 119 1195 305 1658 1126 1660 1196
456 17 2 1 2009 1116 1641 1192 304 251 789 200 18 1658 1126 1125 1660 1659 1196 1197 306 801 255 802 203
457 17 2 1 2009 109 110 592 589 1179 1180 1642 1639 113 598 1182 605 1185 606 1661 1648 1186 1649 1662 1663
458 17 2 1 2009 1179 1180 1642 1639 193 194 790 787 1186 1649 1184 1662 1187 1663 1664 1651 197 796 803 804
459 17 2 1 2009 589 592 593 590 1639 1642 1643 1640 606 600 1648 607 1661 608 1665 1652 1663 1653 1666 1667
460 17 2 1 2009 1639 1642 1643 1640 787 790 791 788 1663 1653 1651 1666 1664 1667 1668 1655 804 798 805 806
461 17 2 1 2009 590 593 594 591 1640 1643 1644 1641 608 602 1652 609 1665 610 1669 1656 1667 1657 1670 1671
462 17 2 1 2009 1640 1643 1644 1641 788 791 792 789 1667 1657 1655 1670 1668 1671 1672 1659 806 800 807 808
463 17 2 1 2009 591 594 117 116 1641 1644 1193 1192 610 604 1656 611 1669 120 1198 1195 1671 1660 1673 1199
464 17 2 1 2009 1641 1644 1193 1192 789 792 201 200 1671 1660 1659 1673 1672 1199 1200 1197 808 802 809 204
465 17 2 1 2009 110 111 595 592 1180 1181 1645 1642 114 605 1185 612 1188 613 1674 1661 1189 1662 1675 1676
466 17 2 1 2009 1180 1181 1645 1642 194 195 793 790 1189 1662 1187 1675 1190 1676 1677 1664 198 803 810 811
467 17 2 1 2009 592 595 596 593 1642 1645 1646 1643 613 607 1661 614 1674 615 1678 1665 1676 1666 1679 1680
468 17 2 1 2009 1642 1645 1646 1643 790 793 794 791 1676 1666 1664 1679 1677 1680 1681 1668 811 805 812 813
469 17 2 1 2009 593 596 597 594 1643 1646 1647 1644 615 609 1665 616 1678 617 1682 1669 1680 1670 1683 1684
470 17 2 1 2009 1643 1646 1647 1644 791 794 795 792 1680 1670 1668 1683 1681 1684 1685 1672 813 807 814 815
471 17 2 1 2009 594 597 118 117 1644 1647 1194 1193 617 611 1669 618 1682 121 1201 1198 1684 1673 1686 1202
472 17 2 1 2009 1644 1647 1194 1193 792 795 202 201 1684 1673 1672 1686 1685 1202 1203 1200 815 809 816 205
473 17 2 1 2009 111 13 179 595 1181 313 1166 1645 115 612 1188 182 314 619 1169 1674 1191 1675 1170 1687
474 17 2 1 2009 1181 313 1166 1645 195 21 263 793 1191 1675 1190 1170 315 1687 1171 1677 199 810 266 817
475 17 2 1 2009 595 179 180 596 1645 1166 1167 1646 619 614 1674 183 1169 620 1172 1678 1687 1679 1173 1688
476 17 2 1 2009 1645 1166 1167 1646 793 263 264 794 1687 1679 1677 1173 1171 1688 1174 1681 817 812 267 818
477 17 2 1 2009 596 180 181 597 1646 1167 1168 1647 620 616 1678 184 1172 621 1175 1682 1688 1683 1176 1689
478 17 2 1 2009 1646 1167 1168 1647 794 264 265 795 1688 1683 1681 1176 1174 1689 1177 1685 818 814 268 819
479 17 2 1 2009 597 181 14 118 1647 1168 316 1194 621 618 1682 185 1175 122 317 1201 1689 1686 1178 1204
480 17 2 1 2009 1647 1168 316 1194 795 265 22 202 1689 1686 1685 1178 1177 1204 318 1203 819 816 269 206
481 17 2 1 2010 622 123 11 172 1690 1205 307 1088 631 632 1699 126 1208 175 308 1091 1700 1701 1209 1092
482 17 2 1 2010 1690 1205 307 1088 820 207 19 256 1700 1701 1702 1209 1210 1092 309 1093 829 830 210 259
483 17 2 1 2010 623 622 172 173 1691 1690 1088 1089 633 634 1703 632 1699 176 1091 1094 1704 1705 1701 1095
484 17 2 1 2010 1691 1690 1088 1089 821 820 256 257 1704 1705 1706 1701 1702 1095 1093 1096 831 832 830 260
485 17 2 1 2010 624 623 173 174 1692 1691 1089 1090 635 636 1707 634 1703 177 1094 1097 1708 1709 1705 1098
486 17 2 1 2010 1692 1691 1089 1090 822 821 257 258 1708 1709 1710 1705 1706 1098 1096 1099 833 834 832 261
487 17 2 1 2010 130 624 174 12 1218 1692 1090 310 637 133 1221 636 1707 178 1097 311 1711 1222 1709 1100
488 17 2 1 2010 1218 1692 1090 310 214 822 258 20 1711 1222 1223 1709 1710 1100 1099 312 835 217 834 262
489 17 2 1 2010 625 124 123 622 1693 1206 1205 1690 638 639 1712 127 1211 631 1208 1699 1713 1714 1212 1700
490 17 2 1 2010 1693 1206 1205 1690 823 208 207 820 1713 1714 1715 1212 1213 1700 1210 1702 836 837 211 829
491 17 2 1 2010 626 625 622 623 1694 1693 1690 1691 640 641 1716 639 1712 633 1699 1703 1717 1718 1714 1704
492 17 2 1 2010 1694 1693 1690 1691 824 823 820 821 1717 1718 1719 1714 1715 1704 1702 1706 838 839 837 831
493 17 2 1 2010 627 626 623 624 1695 1694 1691 1692 642 643 1720 641 1716 635 1703 1707 1721 1722 1718 1708
494 17 2 1 2010 1695 1694 1691 1692 825 824 821 822 1721 1722 1723 1718 1719 1708 1706 1710 840 841 839 833
495 17 2 1 2010 131 627 624 130 1219 1695 1692 1218 644 134 1224 643 1720 637 1707 1221 1724 1225 1722 1711
496 17 2 1 2010 1219 1695 1692 1218 215 825 822 214 1724 1225 1226 1722 1723 1711 1710 1223 842 218 841 835
497 17 2 1 2010 628 125 124 625 1696 1207 1206 1693 645 646 1725 128 1214 638 1211 1712 1726 1727 1215 1713
498 17 2 1 2010 1696 1207 1206 1693 826 209 208 823 1726 1727 1728 1215 1216 1713 1213 1715 843 844 212 836
499 17 2 1 2010 629 628 625 626 1697 1696 1693 1694 647 648 1729 646 1725 640 1712 1716 1730 1731 1727 1717
500 17 2 1 2010 1697 1696 1693 1694 827 826 823 824 1730 1731 1732 1727 1728 1717 1715 1719 845 846 844 838
501 17 2 1 2010 630 629 626 627 1698 1697 1694 1695 649 650 1733 648 1729 642 1716 1720 1734 1735 1731 1721
502 17 2 1 2010 1698 1697 1694 1695 828 827 824 825 1734 1735 1736 1731 1732 1721 1719 1723 847 848 846 840
503 17 2 1 2010 132 630 627 131 1220 1698 1695 1219 651 135 1227 650 1733 644 1720 1224 1737 1228 1735 1724
504 17 2 1 2010 1220 1698 1695 1219 216 828 825 215 1737 1228 1229 1735 1736 1724 1723 1226 849 219 848 842
505 17 2 1 2010 186 15 125 628 1140 319 1207 1696 189 652 1143 129 320 645 1214 1725 1144 1738 1217 1726
506 17 2 1 2010 1140 319 1207 1696 270 23 209 826 1144 1738 1145 1217 321 1726 1216 1728 273 850 213 843
507 17 2 1 2010 187 186 628 629 1141 1140 1696 1697 190 653 1146 652 1143 647 1725 1729 1147 1739 1738 1730
508 17 2 1 2010 1141 1140 1696 1697 271 270 826 827 1147 1739 1148 1738 1145 1730 1728 1732 274 851 850 845
509 17 2 1 2010 188 187 629 630 1142 1141 1697 1698 191 654 1149 653 1146 649 1729 1733 1150 1740 1739 1734
510 17 2 1 2010 1142 1141 1697 1698 272 271 827 828 1150 1740 1151 1739 1148 1734 1732 1736 275 852 851 847
511 17 2 1 2010 16 188 630 132 322 1142 1698 1220 192 136 323 654 1149 651 1733 1227 1152 1230 1740 1737
512 17 2 1 2010 322 1142 1698 1220 24 272 828 216 1152 1230 324 1740 1151 1737 1736 1229 276 220 852 849
513 17 2 1 2011 655 109 9 137 1741 1179 301 1075 664 665 1750 112 1182 140 302 1078 1751 1752 1183 1079
514 17 2 1 2011 1741 1179 301 1075 853 193 17 221 1751 1752 1753 1183 1184 1079 303 1080 862 863 196 224
515 17 2 1 2011 656 655 137 138 1742 1741 1075 1076 666 667 1754 665 1750 141 1078 1081 1755 1756 1752 1082
516 17 2 1 2011 1742 1741 1075 1076 854 853 221 222 1755 1756 1757 1752 1753 1082 1080 1083 864 865 863 225
517 17 2 1 2011 657 656 138 139 1743 1742 1076 1077 668 669 1758 667 1754 142 1081 1084 1759 1760 1756 1085
518 17 2 1 2011 1743 1742 1076 1077 855 854 222 223 1759 1760 1761 1756 1757 1085 1083 1086 866 867 865 226
519 17 2 1 2011 123 657 139 11 1205 1743 1077 307 670 126 1208 669 1758 143 1084 308 1762 1209 1760 1087
520 17 2 1 2011 1205 1743 1077 307 207 855 223 19 1762 1209 1210 1760 1761 1087 1086 309 868 210 867 227
521 17 2 1 2011 658 110 109 655 1744 1180 1179 1741 671 672 1763 113 1185 664 1182 1750 1764 1765 1186 1751
522 17 2 1 2011 1744 1180 1179 1741 856 194 193 853 1764 1765 1766 1186 1187 1751 1184 1753 869 870 197 862
523 17 2 1 2011 659 658 655 656 1745 1744 1741 1742 673 674 1767 672 1763 666 1750 1754 1768 1769 1765 1755
524 17 2 1 2011 1745 1744 1741 1742 857 856 853 854 1768 1769 1770 1765 1766 1755 1753 1757 871 872 870 864
525 17 2 1 2011 660 659 656 657 1746 1745 1742 1743 675 676 1771 674 1767 668 1754 1758 1772 1773 1769 1759
526 17 2 1 2011 1746 1745 1742 1743 858 857 854 855 1772 1773 1774 1769 1770 1759 1757 1761 873 874 872 866
527 17 2 1 2011 124 660 657 123 1206 1746 1743 1205 677 127 1211 676 1771 670 1758 1208 1775 1212 1773 1762
528 17 2 1 2011 1206 1746 1743 1205 208 858 855 207 1775 1212 1213 1773 1774 1762 1761 1210 875 211 874 868
529 17 2 1 2011 661 111 110 658 1747 1181 1180 1744 678 679 1776 114 1188 671 1185 1763 1777 1778 1189 1764
530 17 2 1 2011 1747 1181 1180 1744 859 195 194 856 1777 1778 1779 1189 1190 1764 1187 1766 876 877 198 869
531 17 2 1 2011 662 661 658 659 1748 1747 1744 1745 680 681 1780 679 1776 673 1763 1767 1781 1782 1778 1768
532 17 2 1 2011 1748 1747 1744 1745 860 859 856 857 1781 1782 1783 1778 1779 1768 1766 1770 878 879 877 871
533 17 2 1 2011 663 662 659 660 1749 1748 1745 1746 682 683 1784 681 1780 675 1767 1771 1785 1786 1782 1772
534 17 2 1 2011 1749 1748 1745 1746 861 860 857 858 1785 1786 1787 1782 1783 1772 1770 1774 880 881 879 873
535 17 2 1 2011 125 663 660 124 1207 1749 1746 1206 684 128 1214 683 1784 677 1771 1211 1788 1215 1786 1775
536 17 2 1 2011 1207 1749 1746 1206 209 861 858 208 1788 1215 1216 1786 1787 1775 1774 1213 882 212 881 875
537 17 2 1 2011 151 13 111 661 1127 313 1181 1747 154 685 1130 115 314 678 1188 1776 1131 1789 1191 1777
538 17 2 1 2011 1127 313 1181 1747 235 21 195 859 1131 1789 1132 1191 315 1777 1190 1779 238 883 199 876
539 17 2 1 2011 152 151 661 662 1128 1127 1747 1748 155 686 1133 685 1130 680 1776 1780 1134 1790 1789 1781
540 17 2 1 2011 1128 1127 1747 1748 236 235 859 860 1134 1790 1135 1789 1132 1781 1779 1783 239 884 883 878
541 17 2 1 2011 153 152 662 663 1129 1128 1748 1749 156 687 1136 686 1133 682 1780 1784 1137 1791 1790 1785
542 17 2 1 2011 1129 1128 1748 1749 237 236 860 861 1137 1791 1138 1790 1135 1785 1783 1787 240 885 884 880
543 17 2 1 2011 15 153 663 125 319 1129 1749 1207 157 129 320 687 1136 684 1784 1214 1139 1217 1791 1788
544 17 2 1 2011 319 1129 1749 1207 23 237 861 209 1139 1217 321 1791 1138 1788 1787 1216 241 213 885 882
545 17 2 1 2012 10 116 688 144 304 1192 1792 1101 119 147 305 697 1195 698 1801 1104 1196 1105 1802 1803
546 17 2 1 2012 304 1192 1792 1101 18 200 886 228 1196 1105 306 1802 1197 1803 1804 1106 203 231 895 896
547 17 2 1 2012 144 688 689 145 1101 1792 1793 1102 698 148 1104 699 1801 700 1805 1107 1803 1108 1806 1807
548 17 2 1 2012 1101 1792 1793 1102 228 886 887 229 1803 1108 1106 1806 1804 1807 1808 1109 896 232 897 898
549 17 2 1 2012 145 689 690 146 1102 1793 1794 1103 700 149 1107 701 1805 702 1809 1110 1807 1111 1810 1811
550 17 2 1 2012 1102 1793 1794 1103 229 887 888 230 1807 1111 1109 1810 1808 1811 1812 1112 898 233 899 900
551 17 2 1 2012 146 690 130 12 1103 1794 1218 310 702 150 1110 703 1809 133 1221 311 1811 1113 1813 1222
552 17 2 1 2012 1103 1794 1218 310 230 888 214 20 1811 1113 1112 1813 1812 1222 1223 312 900 234 901 217
553 17 2 1 2012 116 117 691 688 1192 1193 1795 1792 120 697 1195 704 1198 705 1814 1801 1199 1802 1815 1816
554 17 2 1 2012 1192 1193 1795 1792 200 201 889 886 1199 1802 1197 1815 1200 1816 1817 1804 204 895 902 903
555 17 2 1 2012 688 691 692 689 1792 1795 1796 1793 705 699 1801 706 1814 707 1818 1805 1816 1806 1819 1820
556 17 2 1 2012 1792 1795 1796 1793 886 889 890 887 1816 1806 1804 1819 1817 1820 1821 1808 903 897 904 905
557 17 2 1 2012 689 692 693 690 1793 1796 1797 1794 707 701 1805 708 1818 709 1822 1809 1820 1810 1823 1824
558 17 2 1 2012 1793 1796 1797 1794 887 890 891 888 1820 1810 1808 1823 1821 1824 1825 1812 905 899 906 907
559 17 2 1 2012 690 693 131 130 1794 1797 1219 1218 709 703 1809 710 1822 134 1224 1221 1824 1813 1826 1225
560 17 2 1 2012 1794 1797 1219 1218 888 891 215 214 1824 1813 1812 1826 1825 1225 1226 1223 907 901 908 218
561 17 2 1 2012 117 118 694 691 1193 1194 1798 1795 121 704 1198 711 1201 712 1827 1814 1202 1815 1828 1829
562 17 2 1 2012 1193 1194 1798 1795 201 202 892 889 1202 1815 1200 1828 1203 1829 1830 1817 205 902 909 910
563 17 2 1 2012 691 694 695 692 1795 1798 1799 1796 712 706 1814 713 1827 714 1831 1818 1829 1819 1832 1833
564 17 2 1 2012 1795 1798 1799 1796 889 892 893 890 1829 1819 1817 1832 1830 1833 1834 1821 910 904 911 912
565 17 2 1 2012 692 695 696 693 1796 1799 1800 1797 714 708 1818 715 1831 716 1835 1822 1833 1823 1836 1837
566 17 2 1 2012 1796 1799 1800 1797 890 893 894 891 1833 1823 1821 1836 1834 1837 1838 1825 912 906 913 914
567 17 2 1 2012 693 696 132 131 1797 1800 1220 1219 716 710 1822 717 1835 135 1227 1224 1837 1826 1839 1228
568 17 2 1 2012 1797 1800 1220 1219 891 894 216 215 1837 1826 1825 1839 1838 1228 1229 1226 914 908 915 219
569 17 2 1 2012 118 14 158 694 1194 316 1153 1798 122 711 1201 161 317 718 1156 1827 1204 1828 1157 1840
570 17 2 1 2012 1194 316 1153 1798 202 22 242 892 1204 1828 1203 1157 318 1840 1158 1830 206 909 245 916
571 17 2 1 2012 694 158 159 695 1798 1153 1154 1799 718 713 1827 162 1156 719 1159 1831 1840 1832 1160 1841
572 17 2 1 2012 1798 1153 1154 1799 892 242 243 893 1840 1832 1830 1160 1158 1841 1161 1834 916 911 246 917
573 17 2 1 2012 695 159 160 696 1799 1154 1155 1800 719 715 1831 163 1159 720 1162 1835 1841 1836 1163 1842
574 17 2 1 2012 1799 1154 1155 1800 893 243 244 894 1841 1836 1834 1163 1161 1842 1164 1838 917 913 247 918
575 17 2 1 2012 696 160 16 132 1800 1155 322 1220 720 717 1835 164 1162 136 323 1227 1842 1839 1165 1230
576 17 2 1 2012 1800 1155 322 1220 894 244 24 216 1842 1839 1838 1165 1164 1230 324 1229 918 915 248 220
$EndElements
